"Nombre Artículo","Usado","Existencia (Costo)","Existencia","Tamaño Artículo","Costo Unitario","Consumo Histórico","Orden (UDM)","Proveedor","Compras realizadas"
"Pechuga Deshuesada","8.1","$47,140.20","12.92","1 kg","$3,649.42","5.2","KG","Sociedad bravo y hermanos limitada","0.0"
"Total Pollo:","","$47,140.18","","","","","","",""
"Total Aves:","","$47,140.18","","","","","","",""
"Entraña","105.0","$567,100.00","53.00","250 g","$10,700.00","133.0","UNI","Natural Food Services SPA","80.0"
"Filete","11.2","$582,110.00","37.55","1 kg","$15,502.13","24.2","KG","G Alimentos SPA","0.0"
"Filete Medallon","14.0","$195,500.00","23.00","250 g","$8,500.00","14.0","UNI","Natural Food Services SPA","10.0"
"Mechada Entraña","3.8","$54,986.60","6.11","1 kg","$8,997.97","3.8","KG","Natural Food Services SPA","0.0"
"Ojo de Bife","33.0","$308,046.00","43.00","300 g","$7,163.86","39.3","EACH","Natural Food Services SPA","30.0"
"Plateada al jugo 200 gr","15.0","$81,000.00","27.00","200 g","$3,000.00","15.0","EACH","Natural Food Services SPA","20.0"
"Total Vacuno:","","$1,788,742.88","","","","","","",""
"Total Carnes:","","$1,788,742.88","","","","","","",""
"Atun Lomo","8.6","$179,898.00","18.94","1 kg","$9,500.00","29.7","KG","South Wind","0.0"
"Atun Steak","2.0","$110,018.00","11.32","1 kg","$9,715.43","5.8","KG","South Wind","0.0"
"Congrio","5.1","$198,953.00","18.87","1 kg","$10,545.00","5.1","KG","Aquality limitada","24.0"
"Salmon","10.8","$495,511.00","42.55","1 kg","$11,645.89","13.9","KG","South Wind","0.0"
"Total Pescado:","","$984,379.09","","","","","","",""
"Total Pescado:","","$984,379.09","","","","","","",""
"Corvina","29.7","$89,375.70","11.20","1 kg","$7,981.55","34.6","KG","Delicias del Mar de Matias SPA","17.1"
"Total Pescado Blanco:","","$89,375.66","","","","","","",""
"Total Pescado Blanco:","","$89,375.66","","","","","","",""
"Almejas","5.9","","","1 kg","$2,218.00","10.4","KG","Vivalvos Limitada","0.0"
"Camaron 36/40 Sin cascara","10.7","$158,850.00","22.92","1 kg","$6,931.25","10.7","KG","South Wind","10.0"
"Camaron Apanado Mariposa","","$83,226.00","20.00","500 g","$4,161.30","0.0","EACH","Global Frozen","20.0"
"Langostino","1.2","$395,097.00","29.15","1 kg","$13,553.37","5.5","KG","South Wind","0.0"
"Locos","6.7","$845,823.00","32.66","1 kg","$25,894.12","7.1","KG","Aldo Luis Zuñiga Ayala","12.0"
"Ostion","0.3","$59,707.20","4.00","1 kg","$14,926.79","1.1","KG","South Wind","0.0"
"Ostion sin concha","1.6","$58,810.30","3.95","1 kg","$14,900.00","1.6","KG","South Wind","0.0"
"Ostras","3.6","","","1 kg","$8,400.00","5.3","KG","Vivalvos Limitada","0.0"
"Ostras Japonesas","30.0","$88,235.00","70.00","1","$1,260.50","30.0","UND","Comercial Valenzuela Compañia Limitada","100.0"
"Pulpo","11.6","$701,774.00","74.54","1 kg","$9,414.44","15.5","KG","Aldo Luis Zuñiga Ayala","19.4"
"Total Mariscos:","","$2,391,521.08","","","","","","",""
"Total Mariscos:","","$2,391,521.08","","","","","","",""
"Jamon Serrano","2.9","$132,036.00","6.74","1 kg","$19,582.52","2.9","KG","Delicasei SpA","3.0"
"Pepperoni","1.9","$66,457.90","6.68","1 kg","$9,950.27","1.9","KG","Importadora y Alimentos ICB Food Service Ltda","6.0"
"Total Embutidos:","","$198,494.30","","","","","","",""
"Total Embutidos:","","$198,494.30","","","","","","",""
"Burrata","23.0","$538,654.00","118.00","125 g","$4,564.86","33.0","PIECE","Qifood Spa","32.0"
"Mozzarella Fior Di Latte","30.9","$467,458.00","37.73","1 kg","$12,390.00","30.9","KG","Qifood Spa","20.0"
"Parmesano","1.5","$30,253.70","2.33","1 kg","$12,990.00","2.7","KG","Delicasei SpA","0.0"
"Provoleta","4.0","$120,626.00","8.81","1 kg","$13,690.00","4.4","KG","Delicasei SpA","3.5"
"Queso Azul","1.1","$105,037.00","7.51","1 kg","$13,990.00","9.7","KG","Delicasei SpA","0.0"
"Queso Brie","0.3","$82,369.40","3.04","1 kg","$27,095.21","4.8","KG","Bastien","1.5"
"Queso Crema","2.3","$127,376.00","12.75","1 kg","$9,990.07","5.2","KG","Delicasei SpA","4.1"
"Queso de Cabra","1.0","$142,990.00","6.07","1 kg","$23,549.10","21.2","KG","Bastien","0.0"
"Total Quesos:","","$1,614,763.72","","","","","","",""
"Total Lacteos:","","$1,614,763.72","","","","","","",""
"Belcolade Bitter","0.1","$114,807.00","11.62","1 kg","$9,876.00","2.9","KG","Bastien","0.0"
"Belcolade Blanco","0.1","$128,764.00","7.69","1 kg","$16,749.43","1.3","KG","Bastien","0.0"
"Belcolade De Leche","0.2","$80,333.40","5.04","1 kg","$15,945.33","0.9","KG","Bastien","0.0"
"Total Abarrotes:","","$323,904.46","","","","","","",""
"Aceite Vegetal 900ml","35.3","$51,458.80","29.17","1","$1,764.00","29.9","BOTTLE","Bastien","48.0"
"Total Aceite:","","$51,458.77","","","","","","",""
"Total Abarrotes:","","$375,363.23","","","","","","",""
"Champiñon Engiri","1.3","$140,540.00","7.72","1 kg","$18,200.00","1.3","EACH","The Fresh CO.","9.0"
"Champiñon Ostra","4.5","$118,142.00","6.49","1 kg","$18,200.00","4.5","KG","Gazpacho","8.0"
"Champiñon Portobello","1.6","$4,112.33","0.32","1 kg","$13,000.00","1.6","KG","Gazpacho","0.0"
"Champiñon Shitake","0.2","$5,061.33","0.32","1 kg","$16,000.00","3.0","KG","Transyver SPA","0.0"
"Total Champiñon:","","$267,856.35","","","","","","",""
"Palta Hass","6.9","$18,330.10","4.24","1 kg","$4,321.71","12.2","KG","Gazpacho","2.0"
"Total Palta:","","$18,330.13","","","","","","",""
"Total Verduras:","","$286,186.48","","","","","","",""
"Cheesecake clasico","26.0","$62,712.00","52.00","1","$1,206.00","27.0","UNI","Pasteleria Bardot","32.0"
"Galleta new york","5.0","$53,907.00","51.00","1","$1,057.00","13.0","UNI","Pasteleria Bardot","0.0"
"Gateau Chocolatoso","7.0","$75,754.00","49.00","1","$1,546.00","25.0","UNI","Pasteleria Bardot","0.0"
"Mini Brownie","19.0","$41,520.00","173.00","1","$240.00","505.0","UNI","Pasteleria Bardot","144.0"
"Mini Cheesecake","21.0","$75,258.00","226.00","1","$333.00","21.0","UNI","Pasteleria Bardot","58.0"
"Mini Galleta New York","","$25,024.00","72.00","1","$347.56","0.0","UNI","Pasteleria Bardot","58.0"
"Pastel de la Pasion","","$30,780.00","27.00","1","$1,140.00","4.0","UNI","Pasteleria Bardot","0.0"
"Pavlova","7.0","$4,624.00","17.00","1","$272.00","19.0","UNI","Pasteleria Bardot","12.0"
"Total Tortas:","","$369,579.00","","","","","","",""
"Total Postres:","","$369,579.00","","","","","","",""
"Carne Molida Colación","4.2","$42,586.60","8.85","1 kg","$4,812.05","5.5","KG","Natural Food Services SPA","4.6"
"Pulpa de Cerdo Colación","9.6","$36,121.50","10.35","1 kg","$3,490.00","10.9","KG","Sociedad bravo y hermanos limitada","20.0"
"Total Colación:","","$78,708.13","","","","","","",""
"Total Colación:","","$78,708.13","","","","","","",""