"Nombre Artículo","Existencia (Costo)","Abiertas","Cerradas","Existencia","Par","Orden","Tamaño Artículo","Orden (UDM)","Costo Unitario","Costo Pedido","Proveedor","Exceso de Inventario","Días Restantes","Consumo Histórico","Usado","Compras realizadas"
"Shankys Whip Whiskey","$53,494.20","0.63","3.00","3.63","0.3","","700 ml","BOTTLE","$14,743.54","","Comercial ENGEL","$48,852.68","129.7","0.2","0.1","0.0"
"They Dead rabbit","$10,198.00","0.33","","0.33","0.4","1","700 ml","BOTTLE","$30,856.00","$30,856.00","ATF SPA","","8.5","0.3","0.2","0.0"
"Total Irish Whiskey:","$63,692.18","","","","","","","","","$30,856.00","","$48,852.68","","","",""
"Buchanan's 12 Años","$197,291.00","1.83","8.00","9.83","2.5","","750 ml","BOTTLE","$20,073.40","","Coca Cola - Andina","$146,410.70","43.6","1.6","0.7","0.0"
"Glenfiddich 12","$272,283.00","1.59","7.00","8.59","2.8","","750 ml","BOTTLE","$31,708.06","","DESA","$183,033.96","34.3","1.8","1.8","0.0"
"Glenfiddich 15","$251,072.00","1.11","3.00","4.11","0.9","","750 ml","BOTTLE","$61,152.06","","DESA","$194,067.29","49.5","0.6","0.4","0.0"
"Glenfiddich 18","$635,401.00","0.51","7.00","7.51","0.5","","750 ml","BOTTLE","$84,640.12","","DESA","$589,149.54","154.6","0.3","0.3","0.0"
"Glenfiddich 21 Yrs","$432,596.00","0.52","3.00","3.52","","","750 ml","BOTTLE","$122,898.00","","DESA","$431,467.61",">365","0.0","","0.0"
"Johnnie Walker Black","$2,017,420.00","5.15","78.00","83.15","21.4","24","750 ml","BOTTLE","$24,261.00","$582,263.92","Coca Cola - Andina","$1,498,868.71","43.8","13.3","10.9","0.0"
"Johnnie Walker Blonde Blended","$118,542.00","2.67","8.00","10.67","1.4","","750 ml","BOTTLE","$11,108.39","","Coca Cola - Andina","$102,755.01","84.5","0.9","0.9","0.0"
"Johnnie Walker Blue","$384,044.00","1.21","2.00","3.21","0.1","","750 ml","BOTTLE","$119,747.01","","Coca Cola - Andina","$369,197.40","291.0","0.1","0.1","0.0"
"Johnnie Walker Double Black","$302,711.00","0.28","11.00","11.28","3.8","","750 ml","BOTTLE","$26,832.89","","Coca Cola - Andina","$199,521.43","33.0","2.4","2.4","0.0"
"Johnnie Walker Gold","$839,460.00","1.34","20.00","21.34","1.6","","750 ml","BOTTLE","$39,337.51","","Coca Cola - Andina","$776,959.02","151.1","1.0","0.4","0.0"
"Johnnie Walker Green","$310,145.00","0.77","5.00","5.77","0.1","","750 ml","BOTTLE","$53,738.00","","Coca Cola - Andina","$303,978.56",">365","0.1","","0.0"
"Johnnie Walker Red","$135,843.00","3.24","12.00","15.24","10.5","","750 ml","BOTTLE","$8,912.00","","Coca Cola - Andina","$42,171.72","16.3","6.5","6.5","0.0"
"Monkey Shoulder","$25,303.80","1.24","","1.24","0.3","","700 ml","BOTTLE","$20,469.05","","DESA","$19,764.85","51.4","0.2","","0.0"
"Port Charlotte Islay Single Malt Scotch Whisky","$220,177.00","2.61","1.00","3.61","","","700 ml","BOTTLE","$60,907.15","","Comercial ENGEL","$219,285.82",">365","0.0","","0.0"
"Singleton 15 Yrs","$200,179.00","0.99","3.00","3.99","","","700 ml","BOTTLE","$50,185.23","","Coca Cola - Andina","$199,932.45",">365","0.0","","0.0"
"The Singleton 12 Yrs","$55,343.60","1.07","1.00","2.07","","","700 ml","BOTTLE","$26,784.02","","Coca Cola - Andina","$54,816.53",">365","0.0","","0.0"
"Total Scotch Whiskey:","$6,397,813.33","","","","","","","","","$582,263.92","","$5,331,380.59","","","",""
"Akashi","$263,636.00","0.75","6.00","6.75","0.4","","500 ml","BOTTLE","$39,040.98","","Grandes Terrunos - Miguel Torres","$248,039.39","190.2","0.2","0.1","0.0"
"The Tottori Ex Bourbon Barrel","$330,453.00","0.71","8.00","8.71","0.7","","700 ml","BOTTLE","$37,941.00","","Premium Brands","$304,785.67","144.8","0.4","","0.0"
"Total Whisky:","$594,089.19","","","","","","","","","","","$552,825.06","","","",""
"Bulleit Bourbon Frontier Whiskey","$131,018.00","2.65","4.00","6.65","1.5","","750 ml","BOTTLE","$19,706.60","","Coca Cola - Andina","$102,266.69","51.3","0.9","0.3","0.0"
"Jack Daniels","$583,391.00","2.04","27.00","29.04","17.5","","750 ml","BOTTLE","$20,086.00","","DESA","$232,299.62","18.7","10.9","10.4","24.0"
"Wild Turkey 81 Proof","$32,114.00","","2.00","2.00","","","750 ml","BOTTLE","$16,057.00","","DESA","$32,114.00","-","0.0","","0.0"
"Total Bourbon:","$746,523.03","","","","","","","","","","","$366,680.31","","","",""
"Barsol Quebranta","$111,678.00","1.25","2.17","3.43","3.1","","4000 ml","BOTTLE","$32,578.06","","CCU","$9,172.46","12.3","2.0","1.6","1.0"
"Black Heron","$49,262.90","0.52","2.00","2.52","1.6","","700 ml","BOTTLE","$19,511.73","","Premium Brands","$17,904.72","17.7","1.0","0.8","0.0"
"Bou Legado Reservado 40 Roble","$111,455.00","1.40","7.00","8.40","2.9","6","750 ml","BOTTLE","$13,267.30","$79,603.79","Licores BOU S.A.","$72,909.62","32.5","1.8","1.8","0.0"
"Bou Legado Reservado 40 Transparente","$68,051.60","1.87","5.00","6.87","19.9","14","750 ml","BOTTLE","$9,911.44","$138,760.21","Licores BOU S.A.","","3.9","12.4","3.0","6.0"
"Espiritu De Los Andes","$925,132.00","2.25","83.00","85.25","113.6","30","750 ml","BOTTLE","$10,851.93","$325,557.84","CCU","","8.4","70.7","57.2","54.0"
"Horcon Quemado 1 Año","$67,607.40","1.82","6.00","7.82","5.5","","645 ml","BOTTLE","$8,643.56","","CCU","$20,214.39","16.0","3.4","1.7","0.0"
"Horcon Quemado 2 Años","$74,206.70","2.40","5.00","7.40","4.4","","645 ml","BOTTLE","$10,024.28","","CCU","$30,009.74","18.9","2.7","2.7","0.0"
"Horcon Quemado 3 Años","$124,010.00","1.87","9.00","10.87","9.9","","645 ml","BOTTLE","$11,412.91","","CCU","$10,791.45","12.3","6.2","0.3","0.0"
"Mistral 35 750","$391,288.00","","94.00","94.00","81.5","12","750 ml","BOTTLE","$4,162.64","$49,951.65","CCU","$52,205.50","13.0","50.7","22.5","0.0"
"Mistral 35 Litro","$554,980.00","4.14","104.00","108.14","108.9","24","1000 ml","BOTTLE","$5,132.00","$123,168.00","CCU","","11.2","67.8","67.8","0.0"
"Mistral 40","$81,944.90","2.05","11.00","13.05","21.2","12","750 ml","BOTTLE","$6,279.40","$75,352.74","CCU","","6.9","13.2","13.2","0.0"
"Mistral Gran Nobel","$129,009.00","1.74","4.00","5.74","2.6","","700 ml","BOTTLE","$22,470.20","","CCU","$70,957.34","25.0","1.6","1.6","0.0"
"Mistral Nobel 40","$372,419.00","3.97","31.00","34.97","13.1","12","750 ml","BOTTLE","$10,650.36","$127,804.34","CCU","$232,782.98","30.0","8.2","8.2","0.0"
"Mistral Nobel Apple","$90,365.10","1.86","6.00","7.86","2.2","","750 ml","BOTTLE","$11,503.51","","CCU","$65,234.70","40.5","1.4","1.3","0.0"
"Mistral Nobel Barrica Tostada 40","$159,739.00","3.14","11.00","14.14","0.5","","750 ml","BOTTLE","$11,299.48","","CCU","$153,902.33","307.9","0.3","0.3","0.0"
"Mistral Nobel Cristalino","$452,684.00","4.04","38.00","42.04","54.0","12","750 ml","BOTTLE","$10,767.40","$129,208.75","CCU","","8.8","33.6","33.6","0.0"
"Mistral Nobel Fire","$373,675.00","3.16","35.00","38.16","5.9","","750 ml","BOTTLE","$9,792.15","","CCU","$315,883.16","72.7","3.7","3.7","0.0"
"Mistral Nobel Honey","$104,642.00","1.09","9.00","10.09","0.9","","750 ml","BOTTLE","$10,368.24","","CCU","$95,459.82","128.2","0.6","0.6","0.0"
"Mistral Seleccion De Barricas","$395,621.00","0.88","9.00","9.88","0.6","","700 ml","BOTTLE","$40,038.40","","CCU","$372,881.12","195.7","0.4","0.1","0.0"
"Tres Erres Especial 35","$42,792.20","2.11","10.00","12.11","0.1","","750 ml","BOTTLE","$3,534.80","","CCU","$42,385.56",">365","0.1","","0.0"
"Tres Erres Transparente 40","$57,635.10","4.09","9.33","13.42","5.6","","750 ml","BOTTLE","$4,294.16","","CCU","$33,788.01","27.2","3.5","1.5","0.0"
"Waqar","$367,838.00","2.88","12.00","14.88","12.0","","700 ml","BOTTLE","$24,724.65","","Premium Brands","$72,324.20","14.0","7.4","7.4","0.0"
"Total Pisco:","$5,106,034.88","","","","","","","","","$1,049,407.32","","$1,668,807.10","","","",""
"Beefeater","$2,804.86","0.25","","0.25","","","750 ml","BOTTLE","$11,257.99","","CCU","$2,804.86","42.5","0.0","0.1","0.0"
"Bloom","$117,804.00","0.95","3.00","3.95","0.5","","750 ml","BOTTLE","$29,800.16","","Grandes Terrunos - Miguel Torres","$103,384.13","91.9","0.3","","0.0"
"Bulldog","$123,153.00","2.08","5.00","7.08","2.1","","750 ml","BOTTLE","$17,395.56","","DESA","$87,299.78","38.6","1.3","1.3","0.0"
"Goodwinds Small Batch Dry Gin Patagonico","$328,148.00","1.59","9.00","10.59","6.5","","700 ml","BOTTLE","$30,980.00","","The Chilean Spirit Company SPA","$125,953.44","18.3","4.1","0.4","0.0"
"Hendrick flora adora","$323,238.00","1.12","12.00","13.12","0.4","","700 ml","BOTTLE","$24,638.84","","DESA","$313,809.95",">365","0.2","0.1","0.0"
"Hendrick's","$331,777.00","7.01","12.00","19.01","32.6","18","700 ml","BOTTLE","$17,452.40","$314,143.24","DESA","","6.6","20.3","14.9","18.0"
"Kantal Gin","$13,207.00","0.44","1.00","1.44","0.7","","750 ml","BOTTLE","$9,166.03","","CCU","$6,987.16","23.9","0.4","","0.0"
"London N1 Copper","$166,089.00","0.45","6.00","6.45","1.1","","700 ml","BOTTLE","$25,754.34","","Comercial ENGEL","$137,549.98","65.5","0.7","0.7","0.0"
"Malfy Gin Original","$156,693.00","2.23","5.00","7.23","4.4","","750 ml","BOTTLE","$21,660.56","","CCU","$61,919.94","18.6","2.7","2.7","0.0"
"Mombasa Club Gin","$213,268.00","1.45","9.00","10.45","0.9","","700 ml","BOTTLE","$20,400.90","","ATF SPA","$194,142.54","125.4","0.6","0.6","0.0"
"Mombasa Club Strawberry Gin","$151,923.00","2.45","5.00","7.45","4.5","","700 ml","BOTTLE","$20,402.17","","ATF SPA","$60,142.81","18.6","2.8","2.8","6.0"
"Tanqueray Bossa Nova","$203,003.00","1.73","13.00","14.73","1.1","","700 ml","BOTTLE","$13,784.79","","Coca Cola - Andina","$187,212.37","144.6","0.7","0.7","0.0"
"Tanqueray Dark Berry Royale","$171,634.00","1.86","12.00","13.86","2.0","","700 ml","BOTTLE","$12,379.10","","Coca Cola - Andina","$146,421.50","76.6","1.3","-0.7","0.0"
"Tanqueray London","$1,734,620.00","3.40","159.00","162.40","65.4","","700 ml","BOTTLE","$10,681.29","","Coca Cola - Andina","$1,036,266.38","29.1","39.1","39.1","0.0"
"Tanqueray Sevilla","$155,807.00","1.41","9.00","10.41","5.7","","700 ml","BOTTLE","$14,964.68","","Coca Cola - Andina","$70,430.36","20.5","3.5","2.2","0.0"
"Tanqueray TEN","$218,464.00","1.87","10.00","11.87","2.3","","750 ml","BOTTLE","$18,406.53","","Coca Cola - Andina","$175,501.07","57.2","1.5","0.7","0.0"
"Total Gin:","$4,411,631.75","","","","","","","","","$314,143.24","","$2,709,826.27","","","",""
"Absolut ELYX","$156,776.00","1.78","5.00","6.78","5.5","","750 ml","BOTTLE","$23,122.87","","CCU","$29,899.26","13.9","3.4","2.4","0.0"
"Belvedere","$305,566.00","0.26","9.00","9.26","0.1","","750 ml","BOTTLE","$33,000.00","","Icons Chile SPA","$301,127.51",">365","0.1","","0.0"
"Belvedere Vodka Chrome Edition Magnum - 1.75l","$459,656.00","","4.00","4.00","","","1750 ml","BOTTLE","$114,914.01","","Icons Chile SPA","$459,656.03","-","0.0","","0.0"
"Ciroc Snap Frost Vodka","$1,172,190.00","3.00","55.00","58.00","16.2","6","750 ml","BOTTLE","$20,210.66","$121,263.93","Coca Cola - Andina","$845,677.95","40.4","10.1","10.1","0.0"
"Grey Goose Vodka","$280,562.00","2.35","4.90","7.25","5.0","","1000 ml","BOTTLE","$38,681.21","","Distribuidora El Mar SPA","$86,524.21","16.3","3.1","2.8","0.0"
"Smirnoff Red","","","","","1.5","","700 ml","BOTTLE","$7,363.00","","Coca Cola - Andina","","0.0","1.0","1.0","0.0"
"Stolichnaya Elit","$146,631.00","0.35","4.00","4.35","1.6","","750 ml","BOTTLE","$33,711.60","","DESA","$91,848.37","30.1","1.0","","0.0"
"Vodka Puklaro","$91,220.10","1.54","12.00","13.54","1.6","","750 ml","BOTTLE","$6,737.69","","CCU","$80,406.41","94.9","1.0","-1.0","0.0"
"Total Vodka:","$2,612,601.41","","","","","","","","","$121,263.93","","$1,895,139.74","","","",""
"Cachaza 51","$42,298.00","2.31","6.00","8.31","0.8","","965 ml","BOTTLE","$5,092.64","","DESA","$38,165.50","115.1","0.5","","0.0"
"Total Cachaca:","$42,297.96","","","","","","","","","","","$38,165.50","","","",""
"Bacardi Blanco","$28,356.00","","4.00","4.00","","","980 ml","BOTTLE","$7,089.00","","Drinks Distribuidora y Logistica V&L SpA","$28,356.00","-","0.0","","0.0"
"Diplomatico Mantuano","$182,144.00","1.62","8.00","9.62","2.1","","700 ml","BOTTLE","$18,932.07","","DESA","$142,335.72","51.5","1.3","1.3","0.0"
"Diplomatico Reserva Exclusiva","$365,154.00","2.45","8.00","10.45","0.7","","700 ml","BOTTLE","$34,950.60","","DESA","$340,996.59","170.1","0.4","0.4","0.0"
"Flor De Caña 18","$127,013.00","1.29","3.00","4.29","0.3","","750 ml","BOTTLE","$29,615.68","","Grandes Terrunos - Miguel Torres","$119,464.18","189.3","0.2","","0.0"
"Flor De Caña 7","$72,496.20","0.75","6.00","6.75","1.7","","750 ml","BOTTLE","$10,745.48","","Grandes Terrunos - Miguel Torres","$53,893.56","43.8","1.1","1.1","0.0"
"Havana Club Añejo 7","$220,764.00","1.53","14.00","15.53","5.9","","750 ml","BOTTLE","$14,216.97","","CCU","$136,459.88","29.5","3.7","3.7","11.2"
"Ron Quimbaya Gold","$36,547.80","2.17","5.00","7.17","0.8","","700 ml","BOTTLE","$5,099.00","","Viña Undurraga S.A.","$32,677.35","106.2","0.5","0.5","0.0"
"Ron Quimbaya Silver","$84,820.90","1.51","16.00","17.51","6.0","","700 ml","BOTTLE","$4,842.79","","Viña Undurraga S.A.","$55,993.46","33.1","3.7","3.0","12.0"
"Santa Teresa 1796","$126,379.00","2.27","2.00","4.27","3.1","","750 ml","BOTTLE","$29,603.58","","Distribuidora El Mar SPA","$33,705.47","15.3","1.9","0.5","0.0"
"Zacapa Solera Centenario 23","$427,490.00","1.10","8.00","9.10","1.6","","750 ml","BOTTLE","$46,953.42","","Coca Cola - Andina","$351,393.98","63.2","1.0","0.1","0.0"
"Total Ron:","$1,671,164.66","","","","","","","","","","","$1,295,276.20","","","",""
"Casa Maia Reposado","$129,481.00","0.78","3.00","3.78","6.4","6","700 ml","BOTTLE","$34,222.91","$205,337.44","Traspasos","","6.6","4.0","1.3","0.0"
"Don Julio 1942","$358,656.00","0.06","2.00","2.06","3.5","2","750 ml","BOTTLE","$173,779.32","$347,558.65","Coca Cola - Andina","","6.6","2.2","","0.0"
"Don Julio 70 Cristalino","$266,911.00","1.41","3.00","4.41","4.0","","750 ml","BOTTLE","$60,459.10","","Coca Cola - Andina","$26,756.61","12.5","2.5","1.0","0.0"
"Don Julio Blanco","$765,238.00","3.74","21.00","24.74","36.9","24","750 ml","BOTTLE","$30,929.03","$742,296.75","Coca Cola - Andina","","7.5","23.0","23.0","0.0"
"Don Julio Reposado","$219,659.00","1.45","4.00","5.45","2.4","","750 ml","BOTTLE","$40,295.28","","Coca Cola - Andina","$121,314.04","25.1","1.5","1.2","0.0"
"Patron Silver","$21,539.30","1.24","","1.24","","","750 ml","BOTTLE","$17,301.84","","Distribuidora El Mar SPA","$21,305.11",">365","0.0","","0.0"
"Tequila Don Julio Añejo","$287,448.00","1.11","5.00","6.11","0.6","","750 ml","BOTTLE","$47,017.08","","Coca Cola - Andina","$258,495.00","111.7","0.4","0.3","0.0"
"Total Tequila:","$2,048,932.26","","","","","","","","","$1,295,192.84","","$427,870.76","","","",""
"400 Conejos Mezcal","$31,447.00","0.08","1.00","1.08","1.7","","750 ml","BOTTLE","$29,186.00","","ATF SPA","","7.3","1.0","0.1","0.0"
"Mezcal San Cosme Oaxaca","$225,239.00","0.62","6.00","6.62","6.2","","750 ml","BOTTLE","$34,036.67","","ATF SPA","$13,572.01","12.0","3.9","1.2","6.0"
"Total Mezcal:","$256,686.20","","","","","","","","","","","$13,572.01","","","",""
"Brandy Torres 20 años","$114,178.00","1.75","1.00","2.75","","","700 ml","BOTTLE","$41,504.00","","Grandes Terrunos - Miguel Torres","$113,976.82",">365","0.0","","0.0"
"Total Brandy:","$114,178.13","","","","","","","","","","","$113,976.82","","","",""
"Hennessy Very Special","$55,626.30","1.68","","1.68","0.1","","700 ml","BOTTLE","$33,180.00","","Traspasos","$51,064.58","137.2","0.1","","0.0"
"Remy Martin XO","$347,702.00","0.85","1.00","1.85","","","700 ml","BOTTLE","$188,191.99","","Comercial ENGEL","$344,506.99",">365","0.0","","0.0"
"Total Cognac:","$403,328.10","","","","","","","","","","","$395,571.57","","","",""
"Carpano Rosso","$88,957.60","2.29","12.00","14.29","7.0","1","950 ml","BOTTLE","$6,224.30","$6,224.30","CCU","$45,686.75","23.1","4.3","2.2","0.0"
"Cinzano Bianco","$17,062.60","1.49","2.00","3.49","","","1000 ml","BOTTLE","$4,885.00","","DESA","$17,062.60","-","-0.0","","0.0"
"Cinzano Extra Dry 750","$71,068.60","0.48","9.00","9.48","0.4","","750 ml","BOTTLE","$7,493.21","","DESA","$67,980.33","258.9","0.3","0.2","0.0"
"Martini Vermouth Rosso","","","","","0.1","","750 ml","BOTTLE","","","CG SPA","","0.0","0.1","","0.0"
"Total Vermouth:","$177,088.78","","","","","","","","","$6,224.30","","$130,729.68","","","",""
"Aperol","$438,758.00","4.19","70.67","74.85","68.7","","750 ml","BOTTLE","$5,861.60","","DESA","$35,902.24","12.3","42.8","42.8","24.0"
"Campari","$173,558.00","4.08","12.00","16.08","5.9","","750 ml","BOTTLE","$10,794.00","","DESA","$109,585.86","30.5","3.7","3.7","6.0"
"Chambord","$102,400.00","2.14","5.00","7.14","2.4","","750 ml","BOTTLE","$14,346.67","","DESA","$68,017.29","33.5","1.5","1.5","1.0"
"Cynar","$43,045.00","","5.00","5.00","","","700 ml","BOTTLE","$8,609.00","","DESA","$43,045.00","-","0.0","","0.0"
"Fernet Branca","$255,640.00","2.38","32.00","34.38","67.8","36","750 ml","BOTTLE","$7,435.64","$267,683.09","CCU","","5.7","42.2","27.1","0.0"
"Fernet Menta Branca","$33,030.20","0.44","3.00","3.44","0.5","","750 ml","BOTTLE","$9,607.30","","CCU","$28,013.49","74.1","0.3","0.2","0.0"
"Lillet","$16,231.10","0.50","1.00","1.50","0.1","","750 ml","BOTTLE","$10,806.00","","CCU","$15,002.38","148.6","0.1","","0.0"
"Ramazzotti","$540,265.00","3.74","56.00","59.74","33.8","","700 ml","BOTTLE","$9,043.15","","CCU","$234,963.88","19.9","21.0","21.0","0.0"
"Total Aperitivo:","$1,602,928.20","","","","","","","","","$267,683.09","","$534,530.14","","","",""
"Amaretto Disaronno","$109,506.00","0.44","6.00","6.44","3.3","","700 ml","BOTTLE","$16,998.90","","DESA","$53,772.00","22.1","2.0","1.2","1.0"
"Bols Pomegranate Liqueur","$14,980.00","","2.00","2.00","","","500 ml","BOTTLE","$7,490.00","","DESA","$14,980.00","-","0.0","","0.0"
"Casals Vermouth Mediterráneo","$132,187.00","0.94","6.00","6.94","1.2","","750 ml","BOTTLE","$19,043.00","","Grandes Terrunos - Miguel Torres","$109,368.64","65.2","0.7","0.7","0.0"
"Cointreau","$195,698.00","1.89","5.00","6.89","8.9","6","700 ml","BOTTLE","$28,407.16","$170,442.95","Comercial ENGEL","","8.7","5.6","2.0","6.0"
"Drambuie","$42,628.90","1.86","1.00","2.86","1.8","","750 ml","BOTTLE","$14,880.26","","DESA","$16,002.41","18.0","1.1","0.3","0.0"
"Frangelico","$86,915.10","2.12","3.00","5.12","0.8","","700 ml","BOTTLE","$16,991.88","","DESA","$73,196.24","71.3","0.5","0.5","0.0"
"Giffard Ginger Liqueur","$71,049.90","1.11","2.00","3.11","1.0","","700 ml","BOTTLE","$22,848.82","","PIBAMOUR","$48,079.92","34.8","0.6","0.5","0.0"
"Grand Marnier Cordon Rouge","$55,450.40","2.09","1.00","3.09","0.3","","700 ml","BOTTLE","$17,944.23","","DESA","$50,850.60","135.6","0.2","0.2","0.0"
"Jagermeister","$127,180.00","1.65","7.00","8.65","10.6","6","1000 ml","BOTTLE","$14,705.47","$88,232.81","DESA","","9.2","6.6","3.2","0.0"
"Jerez Gonzalez Nectar Byass","$13,153.60","0.92","","0.92","","","750 ml","BOTTLE","$14,276.00","","Comercial ENGEL","$13,153.55",">365","0.0","","0.0"
"Jerez Tio Pepe","$49,702.70","0.26","4.00","4.26","","","750 ml","BOTTLE","$11,665.36","","Comercial ENGEL","$49,599.25",">365","0.0","","0.0"
"Kahlua","$196,743.00","1.80","15.00","16.80","3.4","","750 ml","BOTTLE","$11,710.10","","CCU","$157,201.99","56.0","2.1","1.7","0.0"
"Licor 43","$41,358.40","0.60","3.00","3.60","6.1","3","700 ml","BOTTLE","$11,483.66","$34,450.97","DESA","","6.7","3.8","2.5","0.0"
"Marie Finesse Orange","$20,137.80","0.85","1.00","1.85","","","700 ml","BOTTLE","$10,869.00","","Comercial ENGEL","$20,137.75","-","-0.0","","0.0"
"St- Germain","$141,197.00","3.75","4.00","7.75","5.5","6","750 ml","BOTTLE","$18,210.53","$109,263.19","Distribuidora El Mar SPA","$40,365.13","15.8","3.4","2.2","0.0"
"Total Licores:","$1,297,887.54","","","","","","","","","$402,389.91","","$646,707.48","","","",""
"Cassis Marie Brizard","$54,170.70","0.27","4.00","4.27","","","700 ml","BOTTLE","$12,696.63","","Comercial ENGEL","$54,113.52",">365","0.0","","0.0"
"Triple Sec Fehrenberg","$15,990.40","","4.00","4.00","","","700 ml","BOTTLE","$3,997.59","","CCU","$15,990.36","-","0.0","","0.0"
"Total Licores de Cocteleria:","$70,161.04","","","","","","","","","","","$70,103.88","","","",""
"Total Destilados:","$27,617,038.62","","","","","","","","","$4,069,424.56","","$16,240,015.80","","","",""
"Don Melchor CS","$196,937.00","","2.00","2.00","","","750 ml","BOTTLE","$98,468.50","","VCT CHILE","$196,937.00","-","0.0","","0.0"
"Emiliana 57 Rocas CS","$104,423.00","","11.00","11.00","3.2","","750 ml","BOTTLE","$9,493.00","","Emiliana","$73,909.78","38.5","2.0","","0.0"
"Errazuriz GR CS","$14,340.00","","2.00","2.00","","","750 ml","BOTTLE","$7,170.00","","DESA","$14,340.00","-","0.0","","0.0"
"Errazuriz Max  CS","$38,067.10","","7.00","7.00","","","750 ml","BOTTLE","$5,438.16","","DESA","$38,067.13","-","0.0","","0.0"
"J Bouchon Block Series CS","$79,646.00","","14.00","14.00","","","750 ml","BOTTLE","$5,689.00","","VIÑA BOUCHON SPA","$79,646.00","-","0.0","","0.0"
"Perez Cruz Reserva CS","$77,580.00","","10.00","10.00","","","750 ml","BOTTLE","$7,758.00","","La Vinoteca Limitada","$77,580.00","-","0.0","","0.0"
"Undurraga TH CS Alto Maipo","$162,654.00","0.94","22.00","22.94","8.1","","750 ml","BOTTLE","$7,090.19","","DESA","$104,965.88","31.7","5.1","5.1","0.0"
"Zardoz Indomita CS","$103,386.00","","11.00","11.00","0.7","","750 ml","BOTTLE","$9,398.72","","Comercial ENGEL","$96,439.66","167.4","0.5","","0.0"
"Total Cabernet Sauvignon:","$777,032.86","","","","","","","","","","","$681,885.45","","","",""
"Casa Bauza Presumido CA","$73,157.00","","7.00","7.00","4.8","","750 ml","BOTTLE","$10,451.00","","Agroproductos Bauza LTDA","$22,768.25","16.3","3.0","1.0","0.0"
"Emiliana 57 Rocas CA","$47,465.00","","5.00","5.00","1.6","","750 ml","BOTTLE","$9,493.00","","Emiliana","$32,208.39","35.0","1.0","1.0","0.0"
"J Bouchon Block Series CA","$68,268.00","","12.00","12.00","","","750 ml","BOTTLE","$5,689.00","","VIÑA BOUCHON SPA","$68,268.00","-","0.0","","0.0"
"Perez Cruz Lim Edition CA","$129,410.00","","10.00","10.00","4.8","","750 ml","BOTTLE","$12,941.00","","La Vinoteca Limitada","$67,015.89","23.3","3.0","3.0","6.0"
"Terrunyo CA","$113,001.00","","7.00","7.00","3.2","","750 ml","BOTTLE","$16,143.00","","VCT CHILE","$61,112.78","24.5","2.0","1.0","0.0"
"Undurraga TH CA","$231,873.00","1.70","31.00","32.70","33.8","6","750 ml","BOTTLE","$7,090.19","$42,541.14","DESA","","10.9","21.0","11.9","0.0"
"Vik A CA","$155,059.00","","10.00","10.00","3.2","","750 ml","BOTTLE","$15,505.87","","La Vinoteca Limitada","$105,218.39","35.0","2.0","1.0","0.0"
"Volcanes Tectonia CA","$48,861.00","","9.00","9.00","1.6","","750 ml","BOTTLE","$5,429.00","","Bodega Volcanes de Chile","$40,135.82","63.0","1.0","1.0","0.0"
"Total Carmenere:","$867,094.03","","","","","","","","","$42,541.14","","$396,727.54","","","",""
"Calyptra Gran ME","$29,280.00","","2.00","2.00","3.2","6","750 ml","BOTTLE","$14,640.00","$87,840.00","Calyptra Vineyards","","7.0","2.0","","0.0"
"La Joya GR ME","$46,630.00","","10.00","10.00","1.6","","750 ml","BOTTLE","$4,663.00","","VIÑAS BISQUERTT SPA","$39,135.89","70.0","1.0","","0.0"
"Santa Ema ME","$49,592.10","","6.00","6.00","3.2","","750 ml","BOTTLE","$8,265.36","","La Vinoteca Limitada","$23,024.92","21.0","2.0","","3.0"
"Total Merlot:","$125,502.13","","","","","","","","","$87,840.00","","$62,160.81","","","",""
"Calyptra GR PN","$29,280.00","","2.00","2.00","","","750 ml","BOTTLE","$14,640.00","","Calyptra Vineyards","$29,280.00","-","0.0","","0.0"
"Calyptra Vivendo Reserva PN","$15,906.00","","3.00","3.00","","","750 ml","BOTTLE","$5,302.00","","Calyptra Vineyards","$15,906.00","-","0.0","","0.0"
"Duette Indomita PN","$55,864.00","","8.00","8.00","","","750 ml","BOTTLE","$6,983.00","","Comercial ENGEL","$55,864.00","-","0.0","","0.0"
"Maycas Del Limari Reserva Especial PN","$128,145.00","","31.00","31.00","1.6","","750 ml","BOTTLE","$4,133.71","","Emiliana","$121,501.52","217.0","1.0","","0.0"
"Undurraga TH PN","$170,165.00","","24.00","24.00","1.1","","750 ml","BOTTLE","$7,090.19","","DESA","$162,583.44","252.5","0.7","","0.0"
"Undurraga Trama PN","$82,835.90","","5.00","5.00","1.6","","750 ml","BOTTLE","$16,567.18","","DESA","$56,210.08","35.0","1.0","1.0","0.0"
"Villard Expresion PN","$23,937.00","","3.00","3.00","1.6","","750 ml","BOTTLE","$7,979.00","","Villard Fine Wines Ltda.","$11,113.61","21.0","1.0","1.0","0.0"
"Total Pinot Noir:","$506,132.45","","","","","","","","","","","$452,458.64","","","",""
"Undurraga TH SY","$35,450.90","","5.00","5.00","","","750 ml","BOTTLE","$7,090.19","","DESA","$35,450.95","-","0.0","","0.0"
"Villard Grand Vin Le SY","","","","","3.2","6","750 ml","BOTTLE","$13,314.00","$79,884.00","Villard Fine Wines Ltda.","","0.0","2.0","2.0","0.0"
"Volcanes Tectonia SY","$29,860.00","","5.00","5.00","1.6","","750 ml","BOTTLE","$5,972.00","","Bodega Volcanes de Chile","$20,262.14","35.0","1.0","","0.0"
"Total Syrah:","$65,310.95","","","","","","","","","$79,884.00","","$55,713.09","","","",""
"Santa Rita Floresta CF","$93,058.00","","7.00","7.00","","","750 ml","BOTTLE","$13,294.00","","Coca Cola - Andina","$93,058.01","-","0.0","","0.0"
"TH Cabernet Franc","$49,631.30","","7.00","7.00","3.2","","750 ml","BOTTLE","$7,090.19","","DESA","$26,841.43","24.5","2.0","","0.0"
"Total Cabernet Franc:","$142,689.34","","","","","","","","","","","$119,899.44","","","",""
"Calyptra Fort","$75,310.00","","5.00","5.00","","","750 ml","BOTTLE","$15,062.00","","Calyptra Vineyards","$75,310.00","-","0.0","","0.0"
"Calyptra Inedito Limited Edition","$77,721.00","","3.00","3.00","","","750 ml","BOTTLE","$25,907.00","","Calyptra Vineyards","$77,721.00","-","0.0","","0.0"
"Calyptra Petit Inedito","$22,413.00","0.95","3.00","3.95","","","750 ml","BOTTLE","$5,670.75","","Traspasos","$22,400.57",">365","0.0","","0.0"
"Coyam 750","$67,674.70","","6.00","6.00","9.6","6","750 ml","BOTTLE","$11,279.12","$67,674.71","Emiliana","","7.0","6.0","4.0","0.0"
"Errazuriz Don Maximiliano","$756,790.00","","10.00","10.00","","","750 ml","BOTTLE","$75,679.00","","DESA","$756,790.00","-","0.0","","0.0"
"Forajidos Origenes","$43,380.00","","6.00","6.00","","","750 ml","BOTTLE","$7,230.00","","Forajidos SPA","$43,380.00","-","0.0","","0.0"
"Forajidos Patagonia","$36,150.00","","5.00","5.00","","","750 ml","BOTTLE","$7,230.00","","Forajidos SPA","$36,150.00","-","0.0","","0.0"
"J Bouchon Block Series Semillon","$170,670.00","","30.00","30.00","","","750 ml","BOTTLE","$5,689.00","","VIÑA BOUCHON SPA","$170,670.00","-","0.0","","0.0"
"Sibaris Black Series Viognier - Roussanne","$26,222.00","","7.00","7.00","","","750 ml","BOTTLE","$3,746.00","","Viña Undurraga S.A.","$26,222.00","-","0.0","","0.0"
"TH Rarities Pais-Cinsault Cauquenes","$91,600.00","","10.00","10.00","","","750 ml","BOTTLE","$9,160.00","","DESA","$91,600.00","-","0.0","","0.0"
"Undurraga Red Blend","$63,852.00","","4.00","4.00","","","750 ml","BOTTLE","$15,963.00","","DESA","$63,852.00","-","0.0","","0.0"
"Undurraga TH Montepulciano","$52,405.00","","5.00","5.00","","","750 ml","BOTTLE","$10,481.00","","DESA","$52,405.00","-","0.0","","0.0"
"Undurraga TH Rarities Garnacha / Carignan","$31,443.00","","3.00","3.00","","","750 ml","BOTTLE","$10,481.00","","DESA","$31,443.00","-","0.0","","0.0"
"Undurraga TH Rarities Riesling/Sauvignon Gris","$52,417.00","","5.00","5.00","","","750 ml","BOTTLE","$10,483.40","","DESA","$52,417.00","-","0.0","","0.0"
"Undurranga Altazor","$103,688.00","","2.00","2.00","","","750 ml","BOTTLE","$51,844.00","","DESA","$103,687.99","-","0.0","","0.0"
"Winemakers Blend Corralillo","$74,174.90","","7.00","7.00","3.2","","750 ml","BOTTLE","$10,596.41","","La Vinoteca Limitada","$40,114.97","24.5","2.0","","0.0"
"Total Ensamblaje:","$1,745,910.53","","","","","","","","","$67,674.71","","$1,644,163.53","","","",""
"Amayna SB","$206,180.00","","18.00","18.00","1.6","","750 ml","BOTTLE","$11,454.46","","La Vinoteca Limitada","$187,771.37","126.0","1.0","","0.0"
"Calyptra Gran Reserva SB","$27,111.90","","2.00","2.00","","","750 ml","BOTTLE","$13,555.96","","Calyptra Vineyards","$27,111.92","-","0.0","","0.0"
"Errazuriz Max Reserva SB","$14,474.00","","2.00","2.00","","","750 ml","BOTTLE","$7,237.00","","DESA","$14,474.00","-","0.0","","0.0"
"Floresta SB","$103,401.00","","9.00","9.00","","","750 ml","BOTTLE","$11,489.00","","Coca Cola - Andina","$103,401.00","-","0.0","","0.0"
"La Joya Gran Reserva SB","$58,428.00","","12.00","12.00","","","750 ml","BOTTLE","$4,869.00","","VIÑAS BISQUERTT SPA","$58,428.00","-","0.0","","0.0"
"Matetic Corralillo SB","$126,542.00","","14.00","14.00","1.6","","750 ml","BOTTLE","$9,038.70","","La Vinoteca Limitada","$112,015.29","98.0","1.0","","0.0"
"Undurraga TH SB","$235,613.00","1.34","32.00","33.34","12.2","","750 ml","BOTTLE","$7,067.52","","DESA","$149,612.75","30.8","7.6","7.6","0.0"
"Total Sauvignon Blanc:","$771,749.98","","","","","","","","","","","$652,814.32","","","",""
"Amayna CH","$62,115.00","","5.00","5.00","","","750 ml","BOTTLE","$12,423.00","","La Vinoteca Limitada","$62,115.00","-","0.0","","0.0"
"Calyptra Gran Reserva CH","$32,535.00","","3.00","3.00","","","750 ml","BOTTLE","$10,845.00","","Calyptra Vineyards","$32,535.00","-","0.0","","0.0"
"Marques De Casa Concha CH","$21,898.00","","2.00","2.00","1.6","","750 ml","BOTTLE","$10,949.00","","VCT CHILE","$4,301.39","14.0","1.0","","0.0"
"Matetic Corralillo CH","$194,075.00","","21.00","21.00","6.4","","750 ml","BOTTLE","$9,241.65","","La Vinoteca Limitada","$134,664.03","36.7","4.0","-4.0","0.0"
"Maycas Del Limari Reserva Especial CH","$264,024.00","","36.00","36.00","1.6","","750 ml","BOTTLE","$7,334.00","","Emiliana","$252,237.21","252.0","1.0","-1.0","0.0"
"Santa Rita Floresta CH","$98,793.00","","9.00","9.00","1.6","","750 ml","BOTTLE","$10,977.00","","Coca Cola - Andina","$81,151.39","63.0","1.0","-1.0","0.0"
"Sibaris Gran Reserva CH","$7,780.00","","2.00","2.00","","","750 ml","BOTTLE","$3,890.00","","(no vendor)","$7,780.00","-","0.0","","0.0"
"Undurraga TH CH","$121,857.00","3.80","13.00","16.80","3.7","","750 ml","BOTTLE","$7,252.79","","DESA","$95,197.99","51.4","2.3","2.3","0.0"
"Villard Expresion Reserve CH","$31,916.00","","4.00","4.00","","","750 ml","BOTTLE","$7,979.00","","Villard Fine Wines Ltda.","$31,916.00","-","0.0","","0.0"
"Volcanes Tectonia CH","$208,445.00","","35.00","35.00","","","750 ml","BOTTLE","$5,955.57","","Bodega Volcanes de Chile","$208,445.11","-","0.0","","0.0"
"Total Chardonnay:","$1,043,437.50","","","","","","","","","","","$910,343.13","","","",""
"Undurraga Late Harvest 750cc","$43,090.00","","10.00","10.00","","","750 ml","BOTTLE","$4,309.00","","DESA","$43,090.00","-","0.0","","0.0"
"Total Late Harvest:","$43,090.00","","","","","","","","","","","$43,090.00","","","",""
"Brunna Sangria 310ml","$39,208.00","","29.00","29.00","41.8","12","310 ml","BOTTLE","$1,352.00","$16,224.00","Comercializadora YDS Ltd.","","7.8","26.0","26.0","0.0"
"Brunna Sangria Blanca 310ml","$4,803.00","","3.00","3.00","3.2","1","310 ml","BOTTLE","$1,601.00","$1,601.00","Comercializadora YDS Ltd.","","10.5","2.0","2.0","0.0"
"Brunna Sangria Tropical 310ml","$27,040.00","","20.00","20.00","12.9","","310 ml","BOTTLE","$1,352.00","","Comercializadora YDS Ltd.","$9,657.14","17.5","8.0","8.0","0.0"
"Total Sangria:","$71,051.00","","","","","","","","","$17,825.00","","$9,657.14","","","",""
"Matetic Corralillo Garnacha","$54,934.50","","4.00","4.00","1.6","","750 ml","BOTTLE","$13,733.64","","La Vinoteca Limitada","$32,862.63","28.0","1.0","","0.0"
"Total Otros Vinos:","$54,934.55","","","","","","","","","","","$32,862.63","","","",""
"Total Vino:","$6,213,935.31","","","","","","","","","$295,764.86","","$5,061,775.73","","","",""
"Cinzano Pro Spritz Dry","","","","","","","750 ml","BOTTLE","","","DESA","","0.0","0.2","","0.0"
"Cold Break Blue","$31,525.00","","13.00","13.00","","","750 ml","BOTTLE","$2,425.00","","(no vendor)","$31,525.00","-","0.0","","0.0"
"Cold Break Pink","$31,525.00","","13.00","13.00","","","750 ml","BOTTLE","$2,425.00","","(no vendor)","$31,525.00","-","0.0","","0.0"
"Cold Break Sun","$33,950.00","","14.00","14.00","","","750 ml","BOTTLE","$2,425.00","","(no vendor)","$33,950.00","-","0.0","","0.0"
"Dom Perignon Brut","$195,375.00","","1.00","1.00","1.6","1","750 ml","BOTTLE","$195,375.00","$195,375.00","Icons Chile SPA","","7.0","1.0","","0.0"
"Errazuriz Espumante EN Extra brut","$51,728.70","","2.00","2.00","","","750 ml","BOTTLE","$25,864.33","","DESA","$51,728.67","-","0.0","","0.0"
"Gemma Metodo Tradicional Brut","$107,420.00","","15.00","15.00","11.2","","750 ml","BOTTLE","$7,161.32","","Emiliana","$26,854.95","15.0","7.0","1.0","0.0"
"Gemma Rose","$135,047.00","","19.00","19.00","","","750 ml","BOTTLE","$7,107.71","","Emiliana","$135,046.53","-","0.0","","0.0"
"La Joya Extra Brut Bisquertt","$54,600.60","","12.00","12.00","4.8","","750 ml","BOTTLE","$4,550.05","","VIÑAS BISQUERTT SPA","$32,662.85","28.0","3.0","2.0","0.0"
"Moet & Chandon Imperial Brut","$527,403.00","","9.00","9.00","4.8","","750 ml","BOTTLE","$58,600.30","","Premium Brands","$244,865.53","21.0","3.0","","0.0"
"Montes Lumina Brut","$171,126.00","","18.00","18.00","3.2","","750 ml","BOTTLE","$9,507.00","","Premium Brands","$140,567.79","63.0","2.0","2.0","0.0"
"Riccadonna Moscato Rose","$111,638.00","","12.00","12.00","6.4","","750 ml","BOTTLE","$9,303.16","","DESA","$51,831.91","21.0","4.0","","0.0"
"Titillum Undurraga Metodo Tradicional","$90,717.20","","8.00","8.00","","","750 ml","BOTTLE","$11,339.65","","DESA","$90,717.23","-","0.0","","0.0"
"Undurraga Brut 750","$302,600.00","0.33","103.00","103.33","187.1","84","750 ml","BOTTLE","$2,928.58","$246,000.67","DESA","","6.2","116.4","116.4","60.0"
"Undurraga Extra Brut","$224,058.00","0.29","54.00","54.29","69.6","18","750 ml","BOTTLE","$4,127.08","$74,287.42","DESA","","8.8","43.3","24.5","12.0"
"Undurraga Rose Royal","$51,360.50","0.13","14.00","14.13","3.3","","750 ml","BOTTLE","$3,636.10","","DESA","$39,243.69","47.7","2.1","1.8","0.0"
"Undurraga Supreme Extra Brut","$81,262.20","","12.00","12.00","3.2","","750 ml","BOTTLE","$6,771.85","","DESA","$59,495.55","42.0","2.0","1.0","0.0"
"Undurraga Sweet Moscato","$97,613.10","","34.00","34.00","","","750 ml","BOTTLE","$2,870.97","","Traspasos","$97,613.13","-","0.0","","0.0"
"Undurraga Titillum Millesime","$56,698.20","","5.00","5.00","","","750 ml","BOTTLE","$11,339.64","","DESA","$56,698.21","-","0.0","","0.0"
"Undurraga To Spritz Demi Sec","$464,778.00","0.31","154.00","154.31","127.7","","750 ml","BOTTLE","$3,012.00","","DESA","$80,241.12","13.6","79.4","69.3","120.0"
"Undurraga Zero","$28,992.00","","6.00","6.00","","","750 ml","BOTTLE","$4,832.00","","Drinks Distribuidora y Logistica V&L SpA","$28,992.00","-","0.0","","0.0"
"Total Espumante:","$2,849,416.91","","","","","","","","","$515,663.09","","$1,233,559.15","","","",""
"Total Espumante:","$2,849,416.91","","","","","","","","","$515,663.09","","$1,233,559.15","","","",""
"Asahi Super Dry","$92,121.20","","90.00","90.00","92.9","24","330 ml","BOTTLE","$1,023.57","$24,565.66","DESA","","12.1","52.0","36.0","24.0"
"Austral Calafate","$82,951.30","","63.00","63.00","91.1","48","330 ml","BOTTLE","$1,316.69","$63,201.00","CCU","","8.6","51.0","29.0","0.0"
"Budweiser Lager","$182,743.00","","264.00","264.00","89.3","","330 ml","BOTTLE","$692.21","","Coca Cola - Andina","$120,938.74","37.0","50.0","47.0","0.0"
"Budweiser Zero 330","$78,321.80","","87.00","87.00","116.1","48","330 ml","BOTTLE","$900.25","$43,212.00","Coca Cola - Andina","","9.4","65.0","8.0","0.0"
"Corona Cero","$100,209.00","","132.00","132.00","69.6","","330 ml","BOTTLE","$759.16","","Coca Cola - Andina","$47,339.17","23.7","39.0","39.0","0.0"
"Corona Extra","$122,245.00","","173.00","173.00","148.2","","330 ml","BOTTLE","$706.62","","Coca Cola - Andina","$17,513.98","14.6","83.0","48.0","0.0"
"Erdinger Weissbier","$45,616.00","","22.56","22.56","82.1","72","500 ml","BOTTLE","$2,021.99","$145,582.96","DESA","","3.4","46.0","46.0","0.0"
"Forajidos Summer Blonde","$5,424.00","","3.00","3.00","","","355 ml","BOTTLE","$1,808.00","","Forajidos SPA","$5,424.00","-","0.0","","0.0"
"Peroni Lager","","","","","","","330 ml","CASE (24)","","","DESA","","0.0","6.0","","0.0"
"Stella Artois","$111,812.00","","157.00","157.00","130.4","","330 ml","BOTTLE","$712.18","","Coca Cola - Andina","$18,974.39","15.1","73.0","73.0","0.0"
"Total Cerveza:","$821,442.91","","","","","","","","","$276,561.62","","$210,190.28","","","",""
"Total Por unidad:","$821,442.91","","","","","","","","","$276,561.62","","$210,190.28","","","",""
"Budweiser 30L","$139,277.00","1.19","3.00","4.19","4.8","1","30 L","KEG","$33,222.09","$33,222.09","Coca Cola - Andina","","9.9","3.0","0.6","0.0"
"Leyendas de Origen Trauco Amber Lager 30 LT","","","","","0.2","1","30 L","KEG","$49,524.40","$49,524.40","Coca Cola - Andina","","0.0","0.1","0.1","0.0"
"Loa Entrenubes Pale Lager 30L","$119,021.00","0.53","1.00","1.53","4.5","3","30 L","KEG","$78,035.80","$234,107.39","Loa Chile Spa","","3.8","2.8","2.8","2.0"
"Stella Artois 30L","$97,096.70","0.37","2.00","2.37","3.4","2","30 L","KEG","$40,918.36","$81,836.71","Coca Cola - Andina","","7.8","2.1","2.1","0.0"
"Total Schop:","$355,394.77","","","","","","","","","$398,690.59","","","","","",""
"Total Barriles:","$355,394.77","","","","","","","","","$398,690.59","","","","","",""
"Dos Boas","","","","","","","355 ml","BOTTLE","$1,983.00","","Refrescos Francisca Carolina Vasquez Galvez E.I.R.L","","0.0","0.7","1.0","0.0"
"Estay Loica","$3,966.00","","2.00","2.00","","","355 ml","BOTTLE","$1,983.00","","Refrescos Francisca Carolina Vasquez Galvez E.I.R.L","$3,966.00","42.0","0.3","1.0","0.0"
"Perro Salvaje","","","","","","","355 ml","BOTTLE","","","Refrescos Francisca Carolina Vasquez Galvez E.I.R.L","","0.0","1.0","","0.0"
"Tiger Chai","","","","","","","355 ml","BOTTLE","$1,783.00","","Refrescos Francisca Carolina Vasquez Galvez E.I.R.L","","0.0","0.3","1.0","0.0"
"Total Kombucha:","$3,966.00","","","","","","","","","","","$3,966.00","","","",""
"Red Bull","$161,233.00","","151.00","151.00","123.8","","250 ml","BOTTLE","$1,067.77","","CCU","$29,096.73","13.7","77.0","46.0","0.0"
"Red Bull Dragon Fruit","$80,123.80","","75.00","75.00","48.2","","250 ml","BOTTLE","$1,068.32","","CCU","$28,615.66","17.5","30.0","24.0","48.0"
"Red Bull Pomelo S/a","$58,996.80","","321.00","321.00","24.1","","250 ml","BOTTLE","$183.79","","CCU","$54,566.14","149.8","15.0","7.0","0.0"
"Red Bull Sugarfree","$190,436.00","","180.00","180.00","284.5","120","250 ml","BOTTLE","$1,057.98","$126,957.09","CCU","","7.1","177.0","177.0","168.0"
"Red Bull Yellow","$187,975.00","","176.00","176.00","385.7","216","250 ml","BOTTLE","$1,068.04","$230,696.31","CCU","","5.1","240.0","218.0","192.0"
"Total Energizantes:","$678,764.31","","","","","","","","","$357,653.40","","$112,278.52","","","",""
"Vital Con Gas 330","$254,305.00","","572.00","572.00","462.9","","330 ml","BOTTLE","$444.59","","Coca Cola - Andina","$48,523.81","13.9","288.0","260.0","420.0"
"Vital Sin Gas 330","$215,627.00","","485.00","485.00","565.7","84","330 ml","BOTTLE","$444.59","$37,345.68","Coca Cola - Andina","","9.6","352.0","257.0","300.0"
"Total Aguas:","$469,932.27","","","","","","","","","$37,345.68","","$48,523.81","","","",""
"Coca Cola 220","$153,361.00","","353.00","353.00","464.5","120","220 ml","BOTTLE","$434.45","$52,133.99","Coca Cola - Andina","","8.6","289.0","208.0","120.0"
"Coca Cola 350","$145,058.00","","245.00","245.00","207.3","","350 ml","BOTTLE","$592.07","","Coca Cola - Andina","$22,308.44","13.3","129.0","108.0","0.0"
"Coca Light 220","$180,308.00","","419.00","419.00","445.2","48","220 ml","BOTTLE","$430.33","$20,655.83","Coca Cola - Andina","","10.6","277.0","210.0","120.0"
"Coca Light 350","$150,102.00","","255.00","255.00","215.4","","350 ml","BOTTLE","$588.64","","Coca Cola - Andina","$23,335.22","13.3","134.0","134.0","72.0"
"Coca Zero 220","$1,399,000.00","","3251.00","3251.00","4088.6","840","220 ml","BOTTLE","$430.33","$361,477.17","Coca Cola - Andina","","8.9","2544.0","2298.0","2280.0"
"Coca Zero 350","$460,887.00","","782.00","782.00","1359.6","600","350 ml","BOTTLE","$589.37","$353,622.08","Coca Cola - Andina","","6.5","846.0","727.0","240.0"
"Schweppes Agua Tonica 310","$76,184.10","","130.00","130.00","64.3","","310 ml","BOTTLE","$586.03","","Coca Cola - Andina","$38,510.65","22.7","40.0","40.0","24.0"
"Schweppes Agua Tonica Zero 310","$734,082.00","","907.00","907.00","808.4","","310 ml","BOTTLE","$809.35","","Coca Cola - Andina","$79,807.83","12.6","503.0","503.0","480.0"
"Schweppes Ginger Ale 310","$118,214.00","","171.00","171.00","53.0","","310 ml","BOTTLE","$691.31","","Coca Cola - Andina","$81,549.56","36.3","33.0","22.0","24.0"
"Schweppes Ginger Ale Zero 310","$167,378.00","","284.00","284.00","302.1","24","310 ml","BOTTLE","$589.36","$14,144.66","Coca Cola - Andina","","10.6","188.0","188.0","120.0"
"Schweppes Pink Tonic","$24,066.80","","81.00","81.00","8.0","","310 ml","BOTTLE","$297.12","","Coca Cola - Andina","$21,679.25","113.4","5.0","3.0","0.0"
"Sprite 220","$56,609.10","","125.00","125.00","40.2","","220 ml","BOTTLE","$452.87","","Coca Cola - Andina","$38,413.35","35.0","25.0","25.0","0.0"
"Sprite 350","$68,307.50","","108.00","108.00","38.6","","350 ml","BOTTLE","$632.48","","Coca Cola - Andina","$43,911.95","31.5","24.0","24.0","0.0"
"Sprite Zero 220","$190,603.00","","443.00","443.00","371.2","","220 ml","BOTTLE","$430.25","","Coca Cola - Andina","$30,870.76","13.4","231.0","120.0","0.0"
"Sprite Zero 350","$32,251.70","","55.00","55.00","123.8","72","350 ml","BOTTLE","$586.40","$42,220.46","Coca Cola - Andina","","5.0","77.0","77.0","0.0"
"Total Bebida s/Alcohol:","$3,956,415.22","","","","","","","","","$844,254.19","","$380,387.01","","","",""
"Fentimans Ginger Beer","","","","","19.3","24","200 ml","BOTTLE","","","DESA","","0.0","12.0","","0.0"
"Thomas Henry Botanical Tonic","$74,353.40","","350.00","350.00","94.8","","200 ml","BOTTLE","$212.44","","ATF SPA","$54,209.73","41.5","59.0","13.0","0.0"
"Thomas Henry Cherry Blossom Tonic","$227,621.00","","166.00","166.00","96.4","","200 ml","BOTTLE","$1,371.21","","ATF SPA","$95,396.96","19.4","60.0","60.0","96.0"
"Thomas Henry Dry Tonic","$76,786.80","","56.00","56.00","12.9","","200 ml","BOTTLE","$1,371.19","","ATF SPA","$59,157.18","49.0","8.0","5.0","0.0"
"Thomas Henry Ginger Ale","$67,189.10","","49.00","49.00","16.1","","200 ml","BOTTLE","$1,371.21","","ATF SPA","$45,151.85","34.3","10.0","10.0","0.0"
"Thomas Henry Ginger Beer","$190,529.00","","139.00","139.00","118.9","","200 ml","BOTTLE","$1,370.71","","ATF SPA","$27,512.12","13.1","74.0","61.0","120.0"
"Thomas Henry Pink Grapefruit","$290,591.00","","212.00","212.00","83.6","","200 ml","BOTTLE","$1,370.71","","ATF SPA","$176,038.47","28.5","52.0","23.0","0.0"
"Thomas Henry Tonic Water","$100,098.00","","73.00","73.00","14.5","","200 ml","BOTTLE","$1,371.21","","ATF SPA","$80,264.50","56.8","9.0","4.0","0.0"
"Total Bebidas premium:","$1,027,167.46","","","","","","","","","","","$537,730.81","","","",""
"Total Sin Alcohol:","$6,136,245.26","","","","","","","","","$1,239,253.28","","$1,082,886.15","","","",""