"Nombre Artículo","Existencia Previa","Compras","Existencia","Usado","Vendido","Diferencia","% Diferencia","Diferencia (Costo)","Desperdicio","% Desperdicio","Desperdicio (Costo)","Porcentaje de Costo","Porcentaje de Costo Ideal","Ingresos","Existencia (Costo)","Compras (Costo)","Usado (Costo)","Vendido (Costo)"
"Shankys Whip Whiskey","2631","","2540","91","45","-46","-50.5%","-$968.84","","","","103.4%","51.1%","$1,853.38","$53,494.21","","$1,916.64","$947.80"
"They Dead rabbit","400","","231","169","180","+11","+6.7%","+$500.37","","","","43.4%","46.3%","$17,128.98","$10,197.97","","$7,434.03","$7,934.40"
"Total Irish Whiskey:","3031","","2771","260","225","-35","-13.3%","-$468.47","","","","49.3%","46.8%","$18,982.36","$63,692.18","","$9,350.67","$8,882.20"
"Buchanan's 12 Años","7882","","7371","511","480","-31","-6.1%","-$832.09","","","","35.0%","32.9%","$39,033.71","$197,291.26","","$13,679.07","$12,846.97"
"Glenfiddich 12","7754","","6440","1314","1350","+36","+2.8%","+$1,541.52","60","4.6%","$2,536.64","35.8%","36.8%","$155,032.44","$272,283.40","","$55,532.99","$57,074.50"
"Glenfiddich 15","3346","","3079","267","240","-27","-10.0%","-$2,184.77","","","","61.2%","55.1%","$35,529.70","$251,071.80","","$21,753.43","$19,568.66"
"Glenfiddich 18","5871","","5630","241","240","-1","-0.4%","-$121.84","","","","47.8%","47.6%","$56,888.57","$635,400.98","","$27,206.67","$27,084.84"
"Glenfiddich 21 Yrs","2644","","2640","","","","","","","","","","","","$432,596.24","","$702.26",""
"Johnnie Walker Black","70572","","62366","8206","7680","-526","-6.4%","-$16,999.12","","","","37.7%","35.3%","$704,196.91","$2,017,419.91","","$265,431.73","$248,432.61"
"Johnnie Walker Blonde Blended","8667","","8004","663","660","-3","-0.5%","-$47.57","","","","18.1%","18.0%","$54,322.56","$118,541.90","","$9,822.95","$9,775.39"
"Johnnie Walker Blue","2461","","2405","56","60","+4","+7.7%","+$683.95","","","","20.1%","21.7%","$44,231.11","$384,044.08","","$8,895.81","$9,579.76"
"Johnnie Walker Double Black","10247","","8461","1786","1830","+44","+2.5%","+$1,571.26","","","","28.3%","29.0%","$225,469.94","$302,711.34","","$63,901.00","$65,472.26"
"Johnnie Walker Gold","16302","","16005","297","240","-57","-19.1%","-$2,978.95","","","","43.6%","35.3%","$35,678.70","$839,460.14","","$15,566.95","$12,588.00"
"Johnnie Walker Green","4324","","4329","","","","","","","","","","","","$310,144.59","","-$307.10",""
"Johnnie Walker Red","16337","","11432","4905","5100","+195","+4.0%","+$2,316.96","","","","17.2%","17.9%","$339,342.49","$135,843.46","","$58,284.64","$60,601.59"
"Monkey Shoulder","866","","865","","","","","","","","","","","","$25,303.78","","$31.33",""
"Port Charlotte Islay Single Malt Scotch Whisky","2537","","2530","6","30","+24","+370.5%","+$2,055.51","","","","4.5%","21.2%","$12,332.10","$220,177.46","","$554.80","$2,610.31"
"Singleton 15 Yrs","2793","","2792","","","","","","","","","","","","$200,179.38","","$76.82",""
"The Singleton 12 Yrs","1449","","1446","","","","","","","","","","","","$55,343.64","","$81.99",""
"Total Scotch Whiskey:","164053","","145797","18251","17910","-341","-1.9%","-$14,995.15","60","0.3%","$2,536.64","31.8%","30.9%","$1,702,058.22","$6,397,813.35","","$541,215.34","$525,634.89"
"Akashi","3435","","3376","59","60","+1","+1.8%","+$83.50","","","","49.8%","50.7%","$9,235.66","$263,636.43","","$4,601.42","$4,684.92"
"The Tottori Ex Bourbon Barrel","6096","","6097","","","","","","","","","","","","$330,452.74","","-$58.07",""
"Total Whisky:","9531","","9473","59","60","+1","+1.8%","+$83.50","","","","49.2%","50.7%","$9,235.66","$594,089.16","","$4,543.36","$4,684.92"
"Bulleit Bourbon Frontier Whiskey","5202","","4986","216","570","+354","+164.2%","+$9,308.20","","","","10.9%","28.7%","$52,102.84","$131,017.85","","$5,668.82","$14,977.02"
"Jack Daniels","11554","18000","21784","7771","7860","+89","+1.1%","+$2,384.01","","","","29.7%","30.0%","$701,699.05","$583,391.20","$482,064.00","$208,117.28","$210,501.27"
"Wild Turkey 81 Proof","1500","","1500","","","","","","","","","","","","$32,114.00","","",""
"Total Bourbon:","18257","18000","28270","7987","8430","+443","+5.6%","+$11,692.21","","","","28.4%","29.9%","$753,801.89","$746,523.05","$482,064.00","$213,786.10","$225,478.29"
"Barsol Quebranta","16193","4000","13712","6481","6390","-91","-1.4%","-$738.15","","","","16.6%","16.4%","$317,630.00","$111,677.65","$32,578.00","$52,781.60","$52,043.44"
"Black Heron","2299","","1767","532","600","+68","+12.9%","+$1,905.67","","","","21.3%","24.0%","$69,585.64","$49,262.86","","$14,818.68","$16,724.34"
"Bou Legado Reservado 40 Roble","7656","","6301","1356","1290","-66","-4.9%","-$1,163.80","","","","17.9%","17.0%","$134,085.74","$111,454.62","","$23,983.55","$22,819.75"
"Bou Legado Reservado 40 Transparente","2926","4500","5149","2276","2400","+124","+5.4%","+$1,634.52","","","","12.7%","13.4%","$236,005.26","$68,051.62","$59,448.00","$30,082.10","$31,716.62"
"Espiritu De Los Andes","66348","40500","63938","42910","43650","+740","+1.7%","+$10,710.34","60","0.1%","$868.15","18.0%","18.3%","$3,452,032.57","$925,131.67","$586,008.00","$620,871.83","$631,582.21"
"Horcon Quemado 1 Año","6138","","5045","1093","1080","-13","-1.2%","-$176.32","","","","21.9%","21.7%","$66,776.15","$67,607.40","","$14,649.27","$14,472.94"
"Horcon Quemado 2 Años","6544","","4775","1769","1740","-29","-1.7%","-$458.07","","","","21.2%","20.9%","$129,565.67","$74,206.67","","$27,500.31","$27,042.25"
"Horcon Quemado 3 Años","7198","","7008","189","120","-69","-36.7%","-$1,229.30","","","","36.4%","23.1%","$9,208.48","$124,010.00","","$3,352.63","$2,123.33"
"Mistral 35 750","87398","","70500","16898","12750","-4148","-24.5%","-$23,023.55","","","","16.7%","12.6%","$561,363.18","$391,287.89","","$93,788.38","$70,764.83"
"Mistral 35 Litro","175903","","108141","67762","71580","+3818","+5.6%","+$19,593.45","60","0.1%","$307.92","15.6%","16.5%","$2,225,312.31","$554,979.89","","$347,755.10","$367,348.56"
"Mistral 40","19687","","9787","9899","9960","+61","+0.6%","+$506.78","","","","13.6%","13.7%","$609,175.60","$81,944.90","","$82,883.59","$83,390.37"
"Mistral Gran Nobel","5144","","4019","1125","1200","+75","+6.6%","+$2,399.08","","","","21.7%","23.1%","$166,689.61","$129,009.37","","$36,121.26","$38,520.35"
"Mistral Nobel 40","32344","","26226","6118","6180","+62","+1.0%","+$874.44","","","","17.2%","17.4%","$503,718.23","$372,418.86","","$86,884.54","$87,758.98"
"Mistral Nobel Apple","6895","","5892","1004","1020","+16","+1.6%","+$250.25","","","","24.3%","24.7%","$63,271.01","$90,365.10","","$15,394.52","$15,644.77"
"Mistral Nobel Barrica Tostada 40","10844","","10603","241","120","-121","-50.2%","-$1,823.78","","","","35.4%","17.6%","$10,247.62","$159,738.99","","$3,631.69","$1,807.92"
"Mistral Nobel Cristalino","56721","","31532","25189","27825","+2636","+10.5%","+$37,844.54","","","","18.4%","20.4%","$1,962,927.95","$452,683.99","","$361,625.86","$399,470.40"
"Mistral Nobel Fire","31375","","28621","2754","2100","-654","-23.8%","-$8,541.51","","","","23.0%","17.5%","$156,638.00","$373,675.25","","$35,959.52","$27,418.02"
"Mistral Nobel Honey","7983","","7569","413","360","-53","-12.9%","-$736.36","","","","24.6%","21.5%","$23,193.00","$104,641.61","","$5,713.11","$4,976.75"
"Mistral Seleccion De Barricas","7022","","6917","105","120","+15","+14.5%","+$867.18","","","","26.9%","30.8%","$22,251.79","$395,621.41","","$5,996.54","$6,863.73"
"Tres Erres Especial 35","9109","","9079","30","","-30","-100.0%","-$141.39","","","","","","","$42,792.19","","$141.39",""
"Tres Erres Transparente 40","11187","","10066","1121","990","-131","-11.7%","-$750.35","","","","17.2%","15.2%","$37,214.90","$57,635.12","","$6,418.64","$5,668.29"
"Waqar","15620","","10414","5206","5460","+254","+4.9%","+$8,977.07","60","1.2%","$2,119.26","28.4%","29.8%","$646,839.79","$367,837.89","","$183,875.19","$192,852.26"
"Total Pisco:","592534","49000","447061","194473","196935","+2462","+1.3%","+$46,780.76","180","0.1%","$3,295.33","18.0%","18.4%","$11,403,732.50","$5,106,034.94","$678,034.00","$2,054,229.32","$2,101,010.11"
"Beefeater","244","","187","57","","-57","-100.0%","-$851.42","","","","","","","$2,804.86","","$851.42",""
"Bickens London Dry Gin","22254","","22255","","","","","","","","","","","","$272,187.63","","-$13.14",""
"Bloom","2964","","2965","","","","","","","","","","","","$117,803.55","","-$42.73",""
"Bulldog","6272","","5310","962","660","-302","-31.4%","-$7,000.63","","","","45.3%","31.1%","$49,228.62","$123,153.08","","$22,308.72","$15,308.09"
"Goodwinds Small Batch Dry Gin Patagonico","7670","","7415","255","240","-15","-6.0%","-$673.06","","","","33.9%","31.9%","$33,269.32","$328,148.27","","$11,294.78","$10,621.71"
"Hendrick flora adora","9247","","9183","64","60","-4","-5.6%","-$124.67","","","","35.1%","33.1%","$6,379.25","$323,238.09","","$2,236.57","$2,111.90"
"Hendrick's","11117","12600","13307","10409","10580","+171","+1.6%","+$4,254.05","120","1.2%","$2,991.84","21.7%","22.1%","$1,195,180.15","$331,777.44","$314,143.00","$259,526.55","$263,780.59"
"Kantal Gin","1083","","1081","","255","+255","","+$3,116.45","","","","0.2%","21.0%","$14,832.87","$13,206.96","","$26.28","$3,116.45"
"London N1 Copper","4997","","4514","483","420","-63","-13.0%","-$2,305.14","","","","51.6%","44.9%","$34,434.22","$166,089.20","","$17,757.74","$15,452.60"
"Malfy Gin Original","7467","","5426","2042","2730","+688","+33.7%","+$19,874.66","","","","29.7%","39.8%","$198,347.73","$156,692.78","","$58,969.77","$78,844.43"
"Mombasa Club Gin","7726","","7318","408","420","+12","+2.9%","+$340.02","","","","27.7%","28.5%","$42,887.57","$213,268.38","","$11,900.52","$12,240.54"
"Mombasa Club Strawberry Gin","2972","4200","5212","1959","1860","-99","-5.1%","-$2,896.38","","","","40.5%","38.4%","$141,105.89","$151,923.28","$122,405.00","$57,107.85","$54,211.47"
"Tanqueray Bossa Nova","10808","","10309","499","600","+101","+20.3%","+$1,990.43","","","","27.0%","32.5%","$36,406.16","$203,002.72","","$9,825.10","$11,815.53"
"Tanqueray Dark Berry Royale","9222","","9705","-484","240","+724","+149.6%","+$12,801.23","","","","-51.6%","25.6%","$16,573.80","$171,634.02","","-$8,556.97","$4,244.26"
"Tanqueray London","118806","","91424","27383","25890","-1493","-5.5%","-$23,625.38","60","0.2%","$949.58","22.7%","21.5%","$1,905,497.84","$1,446,893.73","","$433,367.02","$409,741.64"
"Tanqueray Sevilla","8845","","7288","1557","1620","+63","+4.0%","+$1,347.05","","","","28.2%","29.3%","$118,165.03","$155,807.35","","$33,285.49","$34,632.54"
"Tanqueray TEN","9409","","8902","508","540","+32","+6.4%","+$796.97","","","","21.8%","23.2%","$57,169.43","$218,463.77","","$12,455.73","$13,252.70"
"The London N 1","","","","","120","+120","","+$4,495.87","","","","","33.4%","$13,445.00","","","","$4,495.87"
"Total Gin:","241101","16800","211799","46101","46235","+134","+0.3%","+$11,540.06","180","0.4%","$3,941.42","23.9%","24.2%","$3,862,922.88","$4,396,095.10","$436,548.63","$922,300.70","$933,870.34"
"Absolut ELYX","6904","","5085","1819","1920","+101","+5.5%","+$3,109.29","","","","32.2%","34.0%","$174,220.91","$156,776.37","","$56,085.27","$59,194.56"
"Belvedere","6944","","6945","","","","","","","","","","","","$305,565.95","","-$46.79",""
"Belvedere Vodka Chrome Edition Magnum - 1.75l","7000","","7000","","","","","","","","","","","","$459,656.02","","",""
"Ciroc Snap Frost Vodka","51038","","43499","7539","7935","+396","+5.3%","+$10,666.07","","","","29.8%","31.4%","$681,194.61","$1,172,189.37","","$203,162.66","$213,828.73"
"Grey Goose Vodka","10061","","7253","2807","2250","-557","-19.9%","-$21,562.73","","","","47.5%","38.0%","$228,811.19","$280,562.19","","$108,595.45","$87,032.71"
"Smirnoff Red","666","","","666","","-666","-100.0%","-$7,004.92","","","","","","","","","$7,004.92",""
"Stolichnaya Elit","3262","","3262","","","","","","","","","","","","$146,631.39","","",""
"Vodka Puklaro","9404","","10154","-750","","+750","+100.0%","+$6,737.69","","","","","","","$91,220.11","","-$6,737.69",""
"Total Vodka:","95279","","83198","12082","12105","+23","+0.2%","-$8,054.60","","","","33.9%","33.2%","$1,084,226.72","$2,612,601.40","","$368,063.82","$360,056.00"
"Cachaza 51","8015","","8015","","","","","","","","","","","","$42,297.96","","",""
"Total Cachaca:","8015","","8015","","","","","","","","","","","","$42,297.96","","",""
"Bacardi Blanco","3920","","3920","","","","","","","","","","","","$28,356.00","","",""
"Diplomatico Mantuano","7650","","6735","916","990","+74","+8.1%","+$2,005.67","","","","32.1%","34.7%","$77,212.28","$182,144.15","","$24,769.68","$26,775.35"
"Diplomatico Reserva Exclusiva","7614","","7313","301","300","-1","-0.3%","-$52.20","","","","43.1%","42.9%","$34,902.41","$365,153.58","","$15,031.03","$14,978.83"
"Flor De Caña 18","3215","","3217","","","","","","","","","","","","$127,012.84","","-$41.57",""
"Flor De Caña 7","5868","","5060","808","810","+2","+0.3%","+$30.17","","","","25.8%","25.9%","$44,804.26","$72,496.17","","$11,574.95","$11,605.12"
"Havana Club Añejo 3","","","","","180","+180","","+$1,137.96","","","","","11.0%","$10,371.45","","","","$1,137.96"
"Havana Club Añejo 7","6013","8400","11646","2767","2700","-67","-2.4%","-$1,274.88","","","","23.0%","22.5%","$227,669.07","$220,764.09","$159,072.00","$52,455.95","$51,181.08"
"Ron Quimbaya Gold","5348","","5017","331","","-331","-100.0%","-$2,408.27","","","","","","","$36,547.79","","$2,408.27",""
"Ron Quimbaya Silver","5968","8400","12260","2107","2715","+608","+28.8%","+$4,204.29","","","","7.4%","9.5%","$197,732.01","$84,820.88","$57,866.80","$14,578.81","$18,783.10"
"Santa Teresa 1796","3603","","3202","401","450","+49","+12.1%","+$1,917.49","","","","31.9%","35.7%","$49,743.46","$126,378.84","","$15,844.66","$17,762.15"
"Zacapa Solera Centenario 23","6895","","6828","66","60","-6","-9.5%","-$395.41","","","","42.7%","38.6%","$9,725.79","$427,490.32","","$4,151.68","$3,756.27"
"Total Ron:","56095","16800","65199","7698","8205","+507","+6.6%","+$5,164.82","","","","21.6%","22.4%","$652,160.72","$1,671,164.66","$216,938.76","$140,773.46","$145,979.86"
"Casa Maia Reposado","3577","","2648","928","960","+32","+3.4%","+$1,543.90","","","","28.1%","29.1%","$161,344.00","$129,480.95","","$45,390.37","$46,934.27"
"Don Julio 1942","1549","","1548","","","","","","","","","","","","$358,656.14","","$243.90",""
"Don Julio 70 Cristalino","4054","","3311","743","750","+7","+1.0%","+$593.98","","","","37.5%","37.9%","$159,664.00","$266,911.04","","$59,865.12","$60,459.10"
"Don Julio Blanco","35785","","18556","17228","17205","-23","-0.1%","-$965.73","","","","36.9%","36.8%","$1,926,296.72","$765,238.52","","$710,477.71","$709,511.98"
"Don Julio Reposado","5006","","4088","918","1620","+702","+76.5%","+$37,722.03","","","","21.7%","38.4%","$226,890.99","$219,658.75","","$49,315.77","$87,037.80"
"Patron Silver","933","","934","","","","","","","","","","","","$21,539.27","","-$24.28",""
"Tequila Don Julio Añejo","4817","","4585","232","60","-172","-74.1%","-$10,789.20","","","","128.3%","33.2%","$11,345.00","$287,447.59","","$14,550.56","$3,761.37"
"Total Tequila:","55721","","35671","20049","20595","+546","+2.7%","+$28,104.99","","","","35.4%","36.5%","$2,485,540.71","$2,048,932.27","","$879,819.14","$907,704.52"
"400 Conejos Mezcal","910","","808","102","120","+18","+17.5%","+$696.37","","","","29.6%","34.7%","$13,445.00","$31,447.04","","$3,973.39","$4,669.76"
"Mezcal San Cosme Oaxaca","1362","4500","4963","898","840","-58","-6.5%","-$2,651.29","","","","45.1%","42.1%","$90,463.26","$225,239.16","$204,048.00","$40,772.36","$38,121.07"
"Total Mezcal:","2272","4500","5771","1001","960","-41","-4.1%","-$1,954.92","","","","43.1%","41.2%","$103,908.25","$256,686.20","$204,048.00","$44,745.75","$42,790.83"
"Brandy Torres 20 años","1927","","1926","","","","","","","","","","","","$114,178.12","","$62.63",""
"Total Brandy:","1927","","1926","","","","","","","","","","","","$114,178.12","","$62.63",""
"Hennessy Very Special","1172","","1174","","","","","","","","","","","","$55,626.29","","-$50.07",""
"Remy Martin XO","1292","","1293","","","","","","","","","","","","$347,701.80","","-$283.97",""
"Total Cognac:","2465","","2467","","","","","","","","","","","","$403,328.09","","-$334.05",""
"Carpano Rosso","15656","","13577","2079","2010","-69","-3.3%","-$449.00","","","","16.6%","16.1%","$81,937.04","$88,957.57","","$13,618.32","$13,169.32"
"Cinzano Bianco","3492","","3493","","30","+30","","+$146.55","","","","-0.7%","21.4%","$683.43","$17,062.60","","-$4.95","$146.55"
"Cinzano Extra Dry 750","7231","","7113","118","150","+32","+27.1%","+$319.25","","","","17.6%","22.4%","$6,683.17","$71,068.61","","$1,179.40","$1,498.64"
"Total Vermouth:","26379","","24184","2197","2190","-7","-0.3%","+$16.79","","","","16.6%","16.6%","$89,303.64","$177,088.78","","$14,792.77","$14,814.51"
"Aperol","70213","18000","56140","32073","32605","+532","+1.7%","+$4,157.40","600","1.9%","$4,689.28","27.0%","27.5%","$926,763.52","$438,758.49","$139,698.00","$250,666.07","$254,823.48"
"Campari","10325","4500","12059","2766","2805","+39","+1.4%","+$564.60","","","","18.0%","18.2%","$221,317.37","$173,558.11","$64,898.40","$39,804.96","$40,369.56"
"Chambord","5722","750","5353","1118","870","-248","-22.2%","-$4,751.67","","","","38.1%","29.6%","$56,164.31","$102,400.21","$14,378.60","$21,393.81","$16,642.14"
"Cynar","3500","","3500","","","","","","","","","","","","$43,045.00","","",""
"Fernet Branca","46135","","25785","20350","20610","+260","+1.3%","+$2,577.71","","","","16.3%","16.5%","$1,238,294.99","$255,639.96","","$201,753.71","$204,331.42"
"Fernet Menta Branca","2755","","2579","176","300","+124","+70.0%","+$1,583.02","","","","12.2%","20.7%","$18,585.81","$33,030.24","","$2,259.91","$3,842.92"
"Lillet","1161","","1127","35","","-35","-100.0%","-$499.87","","","","","","","$16,231.05","","$499.87",""
"Ramazzotti","56525","","41820","14705","14325","-380","-2.6%","-$4,903.54","","","","18.8%","18.4%","$1,008,134.99","$540,265.07","","$189,965.25","$185,061.71"
"Total Aperitivo:","196336","23250","148363","71223","71515","+292","+0.4%","-$1,272.35","600","0.8%","$4,689.28","20.4%","20.3%","$3,469,260.99","$1,602,928.14","$218,975.00","$706,343.57","$705,071.23"
"Amaretto Disaronno","4667","700","4509","858","855","-3","-0.3%","-$71.49","","","","31.5%","31.4%","$66,218.00","$109,505.56","$17,027.70","$20,834.42","$20,762.94"
"Bols Pomegranate Liqueur","1000","","1000","","","","","","","","","","","","$14,980.00","","",""
"Casals Vermouth Mediterráneo","5765","","5206","559","720","+161","+28.8%","+$4,083.24","","","","35.5%","45.7%","$40,000.00","$132,186.92","","$14,198.04","$18,281.28"
"Cointreau","2008","4200","4822","1385","1080","-305","-22.0%","-$12,395.14","","","","61.7%","48.1%","$91,089.78","$195,698.13","$170,447.00","$56,223.32","$43,828.19"
"Drambuie","2367","","2149","219","280","+61","+28.0%","+$1,216.38","","","","23.0%","29.4%","$18,902.47","$42,628.95","","$4,338.92","$5,555.30"
"Frangelico","3903","","3581","322","140","-182","-56.6%","-$4,424.56","","","","76.3%","33.2%","$10,248.50","$86,915.15","","$7,822.94","$3,398.38"
"Giffard Ginger Liqueur","2557","","2177","381","320","-61","-15.9%","-$1,977.42","","","","38.6%","32.4%","$32,200.87","$71,049.94","","$12,422.60","$10,445.17"
"Grand Marnier Cordon Rouge","2275","","2163","112","120","+8","+7.5%","+$214.04","","","","31.1%","33.5%","$9,192.95","$55,450.43","","$2,862.12","$3,076.15"
"Jagermeister","11894","","8648","3245","4360","+1115","+34.3%","+$16,389.91","","","","14.5%","19.4%","$329,990.28","$127,180.02","","$47,725.94","$64,115.85"
"Jerez Gonzalez Nectar Byass","691","","691","","","","","","","","","","","","$13,153.55","","",""
"Jerez Tio Pepe","3198","","3196","","","","","","","","","","","","$49,702.68","","$32.18",""
"Kahlua","13879","","12601","1279","995","-284","-22.2%","-$4,427.93","","","","36.5%","28.4%","$54,638.38","$196,743.37","","$19,963.33","$15,535.40"
"Licor 43","4247","","2521","1726","1260","-466","-27.0%","-$7,650.01","","","","24.3%","17.7%","$116,769.75","$41,358.43","","$28,320.59","$20,670.58"
"Marie Finesse Orange","1296","","1297","","","","","","","","","","","","$20,137.75","","-$15.84",""
"St- Germain","7478","","5815","1662","1770","+108","+6.5%","+$2,610.18","","","","25.3%","27.0%","$159,295.50","$141,196.66","","$40,366.68","$42,976.85"
"Tia Maria Dark Liquer","","","","","30","+30","","+$483.09","","","","","36.3%","$1,330.34","","","","$483.09"
"Total Licores:","67226","4900","60376","11749","11930","+181","+1.5%","-$5,949.72","","","","27.4%","26.8%","$929,876.84","$1,297,887.53","$187,475.11","$255,095.22","$249,129.17"
"Cassis Marie Brizard","2985","","2987","","","","","","","","","","","","$54,170.69","","-$35.56",""
"Triple Sec Fehrenberg","2800","","2800","","","","","","","","","","","","$15,990.36","","",""
"Total Licores de Cocteleria:","5785","","5787","","","","","","","","","","","","$70,161.05","","-$35.56",""
"Don Melchor CS","2","","2","","","","","","","","","","","","$196,937.00","","",""
"Emiliana 57 Rocas CS","11","","11","","","","","","","","","","","","$104,423.00","","",""
"Errazuriz GR CS","2","","2","","","","","","","","","","","","$14,340.00","","",""
"Errazuriz Max  CS","7","","7","","","","","","","","","","","","$38,067.13","","",""
"J Bouchon Block Series CS","14","","14","","","","","","","","","","","","$79,646.00","","",""
"Perez Cruz Reserva CS","10","","10","","","","","","","","","","","","$77,580.00","","",""
"Undurraga TH CS Alto Maipo","28","","22.9","5.1","5.5","+0.4","+8.8%","+$3,167.52","","","","27.3%","29.7%","$131,641.57","$162,653.78","","$35,894.70","$39,062.22"
"Zardoz Indomita CS","11","","11","","","","","","","","","","","","$103,385.95","","",""
"Total Cabernet Sauvignon:","85","","79.9","5.1","5.5","+0.4","+8.8%","+$3,167.52","","","","27.3%","29.7%","$131,641.57","$777,032.86","","$35,894.70","$39,062.22"
"Casa Bauza Presumido CA","8","","7","1","1","","","","","","","47.8%","47.8%","$21,849.00","$73,157.00","","$10,451.00","$10,451.00"
"Emiliana 57 Rocas CA","6","","5","1","1","","","","","","","51.4%","51.4%","$18,479.00","$47,465.00","","$9,493.00","$9,493.00"
"J Bouchon Block Series CA","12","","12","","","","","","","","","","","","$68,268.00","","",""
"Perez Cruz Lim Edition CA","7","6","10","3","3","","","","","","","48.1%","48.1%","$80,673.00","$129,410.00","$77,646.00","$38,823.00","$38,823.00"
"Terrunyo CA","8","","7","1","1","","","","","","","54.9%","54.9%","$29,412.00","$113,001.00","","$16,143.00","$16,143.00"
"Undurraga TH CA","44.6","","32.7","11.9","11","-0.8","-7.1%","-$5,983.94","0.5","4.2%","$3,554.55","52.2%","48.5%","$161,093.00","$231,873.35","","$84,127.29","$78,143.35"
"Vik A CA","11","","10","1","1","","","","","","","52.7%","52.7%","$29,412.00","$155,058.69","","$15,505.87","$15,505.87"
"Volcanes Tectonia CA","10","","9","1","1","","","","","","","34.0%","34.0%","$15,966.00","$48,861.00","","$5,429.00","$5,429.00"
"Total Carmenere:","106.6","6","92.7","19.9","19","-0.8","-4.2%","-$5,983.94","0.5","2.5%","$3,554.55","50.4%","48.8%","$356,884.00","$867,094.04","$77,646.00","$179,972.16","$173,988.22"
"Calyptra Gran ME","2","","2","","","","","","","","","","","","$29,280.00","","",""
"La Joya GR ME","10","","10","","","","","","","","","","","","$46,630.00","","",""
"Santa Ema ME","3","3","6","","","","","","","","","","","","$49,592.13","$24,825.10","",""
"Total Merlot:","15","3","18","","","","","","","","","","","","$125,502.13","$24,825.15","",""
"Calyptra GR PN","2","","2","","","","","","","","","","","","$29,280.00","","",""
"Calyptra Vivendo Reserva PN","3","","3","","","","","","","","","","","","$15,906.00","","",""
"Duette Indomita PN","8","","8","","","","","","","","","","","","$55,864.00","","",""
"Maycas Del Limari Reserva Especial PN","31","","31","","","","","","","","","","","","$128,144.98","","",""
"Undurraga TH PN","24","","24","","","","","","","","","","","","$170,164.56","","",""
"Undurraga Trama PN","6","","5","1","1","","","","","","","56.3%","56.3%","$29,412.00","$82,835.91","","$16,567.18","$16,567.18"
"Villard Expresion PN","4","","3","1","1","","","","","","","45.2%","45.2%","$17,647.00","$23,937.00","","$7,979.00","$7,979.00"
"Total Pinot Noir:","78","","76","2","2","","","","","","","52.2%","52.2%","$47,059.00","$506,132.45","","$24,546.18","$24,546.18"
"Undurraga TH SY","5","","5","","","","","","","","","","","","$35,450.95","","",""
"Villard Grand Vin Le SY","2","","","2","2","","","","","","","53.0%","53.0%","$50,252.00","","","$26,628.00","$26,628.00"
"Volcanes Tectonia SY","5","","5","","","","","","","","","","","","$29,860.00","","",""
"Total Syrah:","12","","10","2","2","","","","","","","53.0%","53.0%","$50,252.00","$65,310.95","","$26,628.00","$26,628.00"
"Santa Rita Floresta CF","7","","7","","","","","","","","","","","","$93,058.00","","",""
"TH Cabernet Franc","7","","7","","","","","","","","","","","","$49,631.33","","",""
"Total Cabernet Franc:","14","","14","","","","","","","","","","","","$142,689.33","","",""
"Calyptra Fort","5","","5","","","","","","","","","","","","$75,310.00","","",""
"Calyptra Inedito Limited Edition","3","","3","","","","","","","","","","","","$77,721.00","","",""
"Calyptra Petit Inedito","3.9","","4","","","","","","","","","","","","$22,412.96","","-$23.14",""
"Coyam 750","10","","6","4","4","","","","","","","46.3%","46.3%","$97,446.00","$67,674.71","","$45,116.48","$45,116.48"
"Errazuriz Don Maximiliano","10","","10","","","","","","","","","","","","$756,790.01","","",""
"Forajidos Origenes","6","","6","","","","","","","","","","","","$43,380.00","","",""
"Forajidos Patagonia","5","","5","","","","","","","","","","","","$36,150.00","","",""
"J Bouchon Block Series Semillon","30","","30","","","","","","","","","","","","$170,670.00","","",""
"Sibaris Black Series Viognier - Roussanne","7","","7","","","","","","","","","","","","$26,222.00","","",""
"TH Rarities Pais-Cinsault Cauquenes","10","","10","","","","","","","","","","","","$91,600.00","","",""
"Undurraga Red Blend","4","","4","","","","","","","","","","","","$63,852.00","","",""
"Undurraga TH Montepulciano","5","","5","","","","","","","","","","","","$52,405.00","","",""
"Undurraga TH Rarities Garnacha / Carignan","3","","3","","","","","","","","","","","","$31,443.00","","",""
"Undurraga TH Rarities Riesling/Sauvignon Gris","5","","5","","","","","","","","","","","","$52,417.00","","",""
"Undurranga Altazor","2","","2","","","","","","","","","","","","$103,687.99","","",""
"Winemakers Blend Corralillo","7","","7","","","","","","","","","","","","$74,174.86","","",""
"Total Ensamblaje:","115.9","","112","4","4","","","","","","","46.3%","46.3%","$97,446.00","$1,745,910.54","","$45,093.33","$45,116.48"
"Amayna SB","18","","18","","","","","","","","","","","","$206,180.33","","",""
"Calyptra Gran Reserva SB","2","","2","","","","","","","","","","","","$27,111.92","","",""
"Errazuriz Max Reserva SB","2","","2","","","","","","","","","","","","$14,474.00","","",""
"Floresta SB","9","","9","","","","","","","","","","","","$103,401.00","","",""
"La Joya Gran Reserva SB","12","","12","","","","","","","","","","","","$58,428.00","","",""
"Matetic Corralillo SB","14","","14","","","","","","","","","","","","$126,541.76","","",""
"Undurraga TH SB","40.9","","33.3","7.6","8.5","+0.9","+12.4%","+$6,647.50","","","","43.4%","48.8%","$123,278.00","$235,612.96","","$53,511.26","$60,158.76"
"Total Sauvignon Blanc:","97.9","","90.3","7.6","8.5","+0.9","+12.4%","+$6,647.50","","","","43.4%","48.8%","$123,278.00","$771,749.97","","$53,511.26","$60,158.76"
"Amayna CH","5","","5","","","","","","","","","","","","$62,115.00","","",""
"Calyptra Gran Reserva CH","3","","3","","","","","","","","","","","","$32,535.00","","",""
"Marques De Casa Concha CH","2","","2","","","","","","","","","","","","$21,898.00","","",""
"Matetic Corralillo CH","17","","21","-4","","+4","+100.0%","+$36,966.60","","","","","","","$194,074.65","","-$36,966.60",""
"Maycas Del Limari Reserva Especial CH","35","","36","-1","","+1","+100.0%","+$7,334.00","","","","","","","$264,024.00","","-$7,334.00",""
"Santa Rita Floresta CH","8","","9","-1","","+1","+100.0%","+$10,977.00","","","","","","","$98,793.00","","-$10,977.00",""
"Sibaris Gran Reserva CH","2","","2","","","","","","","","","","","","$7,780.00","","-$7,780.00",""
"Undurraga TH CH","19.1","","16.8","2.3","1.6","-0.7","-29.5%","-$4,886.50","0.7","30.6%","$5,076.95","51.8%","36.5%","$32,033.00","$121,856.75","","$16,587.67","$11,701.17"
"Villard Expresion Reserve CH","4","","4","","","","","","","","","","","","$31,916.00","","",""
"Volcanes Tectonia CH","35","","35","","","","","","","","","","","","$208,445.12","","",""
"Total Chardonnay:","130.1","","133.8","-3.7","1.6","+5.3","+143.5%","+$50,391.10","0.7","-18.9%","$5,076.95","-145.1%","36.5%","$32,033.00","$1,043,437.50","","-$46,469.93","$11,701.17"
"Undurraga Late Harvest 750cc","10","","10","","","","","","","","","","","","$43,090.00","","",""
"Total Late Harvest:","10","","10","","","","","","","","","","","","$43,090.00","","",""
"Brunna Sangria 310ml","55","","29","26","21","-5","-19.2%","-$6,760.00","","","$17.45","33.8%","27.3%","$104,118.00","$39,208.00","","$35,152.00","$28,392.00"
"Brunna Sangria Blanca 310ml","5","","3","2","","-2","-100.0%","-$3,202.00","","","","","","","$4,803.00","","-$4,803.00",""
"Brunna Sangria Tropical 310ml","28","","20","8","15","+7","+87.5%","+$9,464.00","","","","14.5%","27.3%","$74,370.00","$27,040.00","","$10,816.00","$20,280.00"
"Total Sangria:","88","","52","36","36","","","-$498.00","","","$17.45","23.1%","27.3%","$178,488.00","$71,051.00","","$41,165.00","$48,672.00"
"Matetic Corralillo Garnacha","4","","4","","","","","","","","","","","","$54,934.55","","",""
"Total Otros Vinos:","4","","4","","","","","","","","","","","","$54,934.55","","",""
"Cold Break Blue","13","","13","","","","","","","","","","","","$31,525.00","","-$31,525.00",""
"Cold Break Pink","13","","13","","","","","","","","","","","","$31,525.00","","-$31,525.00",""
"Cold Break Sun","14","","14","","","","","","","","","","","","$33,950.00","","-$33,950.00",""
"Dom Perignon Brut","1","","1","","","","","","","","","","","","$195,375.00","","",""
"Errazuriz Espumante EN Extra brut","2","","2","","","","","","","","","","","","$51,728.67","","",""
"Gemma Metodo Tradicional Brut","16","","15","1","","-1","-100.0%","-$7,161.32","","","","","","","$107,419.80","","$7,161.32",""
"Gemma Rose","19","","19","","","","","","","","","","","","$135,046.53","","",""
"La Joya Extra Brut Bisquertt","14","","12","2","2","","","","","","","25.8%","25.8%","$35,294.00","$54,600.59","","$9,100.10","$9,100.10"
"Moet & Chandon Imperial Brut","9","","9","","","","","","","","","","","","$527,402.72","","",""
"Montes Lumina Brut","20","","18","2","2","","","","","","","56.6%","56.6%","$33,614.00","$171,126.00","","$19,014.00","$19,014.00"
"Riccadonna Moscato Rose","12","","12","","","","","","","","","","","","$111,637.95","","",""
"Titillum Undurraga Metodo Tradicional","8","","8","","","","","","","","","","","","$90,717.24","","",""
"Undurraga Brut 750","159.8","60","103.3","116.4","54.3","-62.1","-53.3%","-$181,863.29","","","","43.5%","20.3%","$783,643.26","$302,599.95","$175,714.00","$341,006.18","$159,142.91"
"Undurraga Extra Brut","66.8","12","54.3","24.5","20.8","-3.7","-15.1%","-$15,277.26","0.7","2.9%","$2,888.96","26.8%","22.8%","$376,891.00","$224,058.27","$49,601.80","$101,054.46","$85,777.21"
"Undurraga Rose Royal","15.9","","14.1","1.8","1.4","-0.4","-23.3%","-$1,537.94","","","","27.2%","20.9%","$24,254.07","$51,360.48","","$6,599.39","$5,061.45"
"Undurraga Supreme Extra Brut","13","","12","1","1","","","","","","","32.2%","32.2%","$21,008.00","$81,262.22","","$6,771.85","$6,771.85"
"Undurraga Sweet Moscato","34","","34","","","","","","","","","","","","$97,613.13","","",""
"Undurraga Titillum Millesime","5","","5","","","","","","","","","","","","$56,698.21","","",""
"Undurraga To Spritz Demi Sec","103.6","120","154.3","69.3","127.2","+57.9","+83.7%","+$174,520.26","0.8","1.2%","$2,409.60","16.5%","30.3%","$1,264,071.21","$464,778.21","$361,440.00","$208,582.04","$383,102.28"
"Undurraga Zero","6","","6","","","","","","","","","","","","$28,992.00","","",""
"Total Espumante:","545","192","519.1","218","208.7","-9.3","-4.3%","-$31,319.55","1.5","0.7%","$5,298.56","23.7%","26.3%","$2,538,775.53","$2,849,416.96","$586,755.96","$602,289.33","$667,969.80"
"Asahi Super Dry","102","24","90","36","35","-1","-2.8%","-$1,023.57","","","","32.1%","31.2%","$114,706.00","$92,121.24","$24,572.60","$36,848.50","$35,824.92"
"Austral Calafate","92","","63","29","29","","","","","","","37.7%","37.7%","$101,345.00","$82,951.32","","$38,183.94","$38,183.94"
"Budweiser Lager","311","","264","47","47","","","","","","","22.6%","22.6%","$144,201.00","$182,743.08","","$32,533.81","$32,533.81"
"Budweiser Zero 330","95","","87","8","16","+8","+100.0%","+$7,202.00","","","","15.7%","31.4%","$45,882.00","$78,321.75","","$7,202.00","$14,404.00"
"Corona Cero","171","","132","39","27","-12","-30.8%","-$9,109.94","","","","22.2%","15.3%","$133,538.68","$100,209.38","","$29,607.32","$20,497.37"
"Corona Extra","221","","173","48","53","+5","+10.4%","+$3,533.08","","","","15.8%","17.4%","$215,125.92","$122,244.60","","$33,917.58","$37,450.66"
"Erdinger Weissbier","58","","12","46","42","-4","-8.7%","-$8,006.85","","","","47.4%","43.3%","$194,117.00","$24,020.55","","$92,078.78","$84,071.93"
"Erdinger Weissbier 330","16","","16","","3","+3","","+$4,224.00","","","","","30.5%","$13,866.00","$22,528.00","","","$4,224.00"
"Forajidos Summer Blonde","3","","3","","","","","","","","","","","","$5,424.00","","",""
"Stella Artois","230","","157","73","74","+1","+1.4%","+$712.18","","","","20.9%","21.2%","$248,740.00","$111,811.55","","$51,988.81","$52,700.99"
"Total Cerveza:","1299","24","997","326","326","","","-$2,469.11","","","","26.6%","26.4%","$1,211,521.58","$822,375.46","$24,572.64","$322,360.72","$319,891.61"
"Budweiser 30L","144.5","","125.77","18.73","6","-12.73","-68.0%","-$14,097.54","","","","38.7%","12.4%","$53,613.00","$139,276.90","","$20,741.96","$6,644.42"
"Leyendas de Origen Trauco Amber Lager 30 LT","3.27","","","3.27","-1.32","-4.59","-140.4%","-$7,572.82","","","","20.4%","-8.3%","$26,387.00","","","$5,393.75","-$2,179.07"
"Loa Entrenubes Pale Lager 30L","69.37","60","45.76","83.61","73","-10.61","-12.7%","-$27,611.48","12.5","14.9%","$32,514.91","34.9%","30.4%","$623,713.99","$119,021.19","$156,072.00","$217,498.57","$189,887.10"
"Stella Artois 30L","135.15","","71.19","63.96","60.92","-3.04","-4.8%","-$4,146.94","","","","15.6%","14.9%","$558,235.99","$97,096.69","","$87,238.48","$83,091.54"
"Total Schop:","352.29","60","242.71","169.57","138.6","-30.97","-18.3%","-$53,428.78","12.5","7.4%","$32,514.91","26.2%","22.0%","$1,261,949.99","$355,394.78","$156,071.59","$330,872.76","$277,443.99"
"Dos Boas","1","","","1","","-1","-100.0%","-$1,983.00","","","","","","","","","$1,983.00",""
"Estay Loica","3","","2","1","1","","","","","","","48.2%","48.2%","$4,118.00","$3,966.00","","$1,983.00","$1,983.00"
"Perro Salvaje","","","","","1","+1","","+$1,783.00","","","","","53.0%","$3,361.00","","","","$1,783.00"
"Tiger Chai","1","","","1","1","","","","","","","53.0%","53.0%","$3,361.00","","","$1,783.00","$1,783.00"
"Total Kombucha:","5","","2","3","3","","","-$200.00","","","","53.0%","51.2%","$10,840.00","$3,966.00","","$5,749.00","$5,549.00"
"Red Bull","197","","151","46","191","+145","+315.2%","+$154,826.63","5","10.9%","$5,338.85","6.0%","24.8%","$821,659.70","$161,233.25","","$49,117.41","$203,944.05"
"Red Bull Dragon Fruit","51","48","75","24","19","-5","-20.8%","-$5,341.59","","","","34.9%","27.6%","$73,411.50","$80,123.82","$51,265.90","$25,639.62","$20,298.04"
"Red Bull Pomelo S/a","328","","321","7","","-7","-100.0%","-$1,286.53","","","","","","","$58,996.81","","$1,286.53",""
"Red Bull Sugarfree","189","168","180","177","85","-92","-52.0%","-$97,333.77","","","","73.2%","35.1%","$255,852.51","$190,435.64","$177,741.00","$187,261.72","$89,927.94"
"Red Bull Yellow","202","192","176","218","203","-15","-6.9%","-$16,020.58","1","0.5%","$1,068.04","23.5%","21.9%","$989,362.58","$187,974.77","$205,064.00","$232,832.40","$216,811.81"
"Total Energizantes:","967","408","903","472","498","+26","+5.5%","+$34,844.16","6","1.3%","$6,406.89","23.2%","24.8%","$2,140,286.29","$678,764.29","$434,070.25","$496,137.70","$530,981.83"
"Vital Con Gas 330","412","420","572","260","258","-2","-0.8%","-$889.18","2","0.8%","$889.18","19.7%","19.6%","$586,595.95","$254,305.40","$186,724.00","$115,593.37","$114,704.18"
"Vital Sin Gas 330","442","300","485","257","254","-3","-1.2%","-$1,333.77","","","","22.2%","21.9%","$515,126.02","$215,626.86","$133,374.00","$114,260.01","$112,926.23"
"Total Aguas:","854","720","1057","517","512","-5","-1.0%","-$2,222.95","2","0.4%","$889.18","20.9%","20.7%","$1,101,721.97","$469,932.26","$320,097.59","$229,853.37","$227,630.42"
"Coca Cola 220","441","120","353","208","50","-158","-76.0%","-$68,643.09","","","","170.6%","41.0%","$52,976.95","$153,360.83","$52,134.00","$90,365.59","$21,722.50"
"Coca Cola 350","353","","245","108","49","-59","-54.6%","-$34,932.26","","","","75.9%","34.5%","$84,202.00","$145,057.70","","$63,943.80","$29,011.54"
"Coca Light 220","509","120","419","210","30","-180","-85.7%","-$77,459.37","","","","","","","$180,308.21","$51,639.60","$90,369.27","$12,909.90"
"Coca Light 350","317","72","255","134","71","-63","-47.0%","-$37,084.08","","","","51.1%","27.1%","$154,286.00","$150,102.24","$42,407.30","$78,877.25","$41,793.17"
"Coca Zero 220","3269","2280","3251","2298","2783","+485","+21.1%","+$208,710.03","2","0.1%","$860.66","17.5%","21.2%","$5,660,174.88","$1,399,002.70","$981,152.00","$988,898.31","$1,197,608.28"
"Coca Zero 350","1269","240","782","727","788","+61","+8.4%","+$35,951.58","10","1.4%","$5,893.70","27.2%","29.5%","$1,574,365.74","$460,887.44","$141,449.00","$428,472.10","$464,423.66"
"Schweppes Agua Tonica 310","146","24","130","40","7","-33","-82.5%","-$19,339.04","4","10.0%","$2,344.13","","","","$76,184.11","$14,276.90","$23,441.27","$4,102.22"
"Schweppes Agua Tonica Zero 310","930","480","907","503","552","+49","+9.7%","+$39,658.23","2","0.4%","$1,618.70","35.4%","38.9%","$1,149,444.13","$734,082.00","$388,502.00","$407,103.89","$446,762.14"
"Schweppes Ginger Ale 310","169","24","171","22","3","-19","-86.4%","-$13,134.84","","","","301.6%","41.1%","$5,042.00","$118,213.54","$16,594.30","$15,208.76","$2,073.92"
"Schweppes Ginger Ale Zero 310","352","120","284","188","61","-127","-67.6%","-$74,848.84","","","","112.1%","36.4%","$98,823.00","$167,378.50","$70,724.40","$110,799.85","$35,951.02"
"Schweppes Pink Tonic","84","","81","3","","-3","-100.0%","-$891.36","","","","","","","$24,066.83","","$891.36",""
"Sprite 220","150","","125","25","","-25","-100.0%","-$11,321.83","","","","","","","$56,609.14","","$11,321.83",""
"Sprite 350","132","","108","24","2","-22","-91.7%","-$13,914.49","","","","301.1%","25.1%","$5,042.00","$68,307.49","","$15,179.44","$1,264.95"
"Sprite Zero 220","563","","443","120","9","-111","-92.5%","-$47,758.24","","","","","","","$190,602.71","","$51,630.53","$3,872.29"
"Sprite Zero 350","132","","55","77","52","-25","-32.5%","-$14,659.88","4","5.2%","$2,345.58","38.3%","25.9%","$117,815.00","$32,251.74","","$45,152.44","$30,492.55"
"Total Bebida s/Alcohol:","8816","3480","7609","4687","4457","-230","-4.9%","-$129,667.49","22","0.5%","$13,062.77","27.2%","25.7%","$8,902,171.70","$3,956,415.18","$1,758,880.08","$2,421,655.70","$2,291,988.14"
"Thomas Henry Botanical Tonic","363","","350","13","9","-4","-30.8%","-$849.75","","","","5.6%","3.9%","$49,160.00","$74,353.45","","$2,761.70","$1,911.95"
"Thomas Henry Cherry Blossom Tonic","130","96","166","60","61","+1","+1.7%","+$1,371.21","1","1.7%","$1,371.21","30.8%","31.3%","$266,985.44","$227,620.69","$131,636.00","$82,272.53","$83,643.75"
"Thomas Henry Dry Tonic","61","","56","5","3","-2","-40.0%","-$2,742.39","","","","89.7%","53.8%","$7,639.31","$76,786.80","","$6,855.96","$4,113.58"
"Thomas Henry Ginger Ale","59","","49","10","6.5","-3.5","-35.0%","-$4,799.22","","","","18.5%","12.0%","$74,218.00","$67,189.08","","$13,712.06","$8,912.84"
"Thomas Henry Ginger Beer","80","120","139","61","57","-4","-6.6%","-$5,482.84","","","","40.4%","37.7%","$207,198.25","$190,528.69","$164,485.00","$83,613.31","$78,130.47"
"Thomas Henry Pink Grapefruit","235","","212","23","20.5","-2.5","-10.9%","-$3,426.78","","","","50.0%","44.6%","$62,996.91","$290,590.74","","$31,526.35","$28,099.58"
"Thomas Henry Tonic Water","77","","73","4","5","+1","+25.0%","+$1,371.21","","","","33.5%","41.8%","$16,386.00","$100,098.01","","$5,484.82","$6,856.03"
"Total Bebidas premium:","1005","216","1045","176","162","-14","-8.0%","-$14,558.56","1","0.6%","$1,371.21","33.0%","30.9%","$684,583.91","$1,027,167.45","$296,121.34","$226,226.75","$211,668.18"