"Nombre Artículo","Existencia Previa","Compras","Existencia","Usado","Vendido","Diferencia","Desperdicio","% Diferencia","Diferencia (Costo)","% Desperdicio","Desperdicio (Costo)","Costo de Alimentos","Costo de Alimentos Ideal","Ingresos","Existencia (Costo)","Compras (Costo)","Usado (Costo)","Vendido (Costo)"
"Pechuga Deshuesada","21","","12.9","8.1","13.6","+5.5","","+67.6%","+$20,030.20","","","10.1%","16.9%","$293,434.37","$47,140.18","","$29,636.50","$49,666.71"
"Total Pollo:","21.04","","12.92","8.12","13.61","+5.49","","+67.6%","+$20,030.20","","","10.1%","16.9%","$293,434.37","$47,140.18","","$29,636.50","$49,666.71"
"Entraña","19.5","20","13.2","26.2","26","-0.2","0.2","-1.0%","-$10,700.00","1.0%","$10,700.00","40.0%","39.6%","$2,809,276.08","$567,099.99","$856,000.00","$1,123,500.00","$1,112,799.98"
"Filete","48.7","","37.6","11.2","12.2","+1","","+8.9%","+$15,372.83","","","22.0%","23.9%","$790,235.05","$582,110.43","","$173,521.12","$188,893.94"
"Filete Medallon","6.8","2.5","5.8","3.5","3.5","","","","","","","41.9%","41.9%","$283,731.01","$195,500.00","$85,000.00","$119,000.00","$119,000.00"
"Mechada Entraña","9.9","","6.1","3.8","4.5","+0.7","","+19.0%","+$6,424.55","","","14.6%","17.4%","$231,026.79","$54,986.59","","$33,841.36","$40,265.91"
"Ojo de Bife","46","30","43","33","31","-2","","-6.1%","-$14,327.71","","","38.2%","36.3%","$612,035.03","$308,045.84","$216,000.00","$233,654.38","$222,079.56"
"Plateada al jugo 200 gr","22","20","27","15","17","+2","","+13.3%","+$6,000.00","","","23.6%","26.8%","$190,639.00","$81,000.00","$60,000.00","$45,000.00","$51,000.00"
"Total Vacuno:","103.07","35.5","80.96","57.6","58.86","+1.26","0.25","+2.2%","+$2,769.66","0.4%","$10,700.00","35.2%","35.3%","$4,916,942.96","$1,788,742.85","$1,217,000.00","$1,728,516.86","$1,734,039.40"
"Atun Lomo","27.5","","18.9","8.6","9.8","+1.2","","+14.2%","+$11,600.54","","","12.8%","14.6%","$639,728.59","$179,898.33","","$81,605.02","$93,205.56"
"Atun Steak","13.3","","11.3","2","1.8","-0.1","","-6.7%","-$1,292.15","","","18.4%","17.2%","$104,218.00","$110,017.55","","$19,168.55","$17,876.40"
"Congrio","","24","18.9","5.1","3.8","-1.3","","-26.0%","-$14,056.49","","","34.1%","25.2%","$158,823.99","$198,952.52","$253,080.00","$54,127.48","$40,071.00"
"Salmon","53.4","","42.5","10.8","10","-0.8","","-7.3%","-$9,187.82","","","25.0%","23.2%","$502,644.40","$495,510.68","","$125,836.29","$116,648.48"
"Total Pescado:","94.18","24","91.68","26.5","25.47","-1.03","","-3.9%","-$12,935.92","","","20.0%","19.1%","$1,405,414.99","$984,379.08","$253,080.00","$280,737.34","$267,801.43"
"Corvina","23.8","17.1","11.2","29.7","26.3","-3.4","","-11.5%","-$27,279.16","","","93.3%","81.1%","$258,471.18","$89,375.66","$135,413.00","$241,218.09","$209,648.82"
"Total Pescado Blanco:","23.78","17.1","11.2","29.68","26.27","-3.42","","-11.5%","-$27,279.16","","","93.3%","81.1%","$258,471.18","$89,375.66","$135,413.00","$241,218.09","$209,648.82"
"Almejas","5.9","","","5.9","4.1","-1.8","","-30.4%","-$3,992.40","","","17.6%","12.2%","$74,817.80","","","$13,141.65","$9,149.25"
"Camaron 36/40 Sin cascara","23.6","10","22.9","10.7","10","-0.7","0.2","-6.7%","-$4,953.54","2.2%","$1,663.50","15.5%","15.4%","$447,142.94","$158,849.73","$75,000.00","$69,313.58","$69,061.66"
"Camaron Apanado Mariposa","","10","10","","","","","","","","","","","","$83,226.00","$83,226.00","",""
"Langostino","30.3","","29.2","1.2","5.9","+4.7","","+390.3%","+$63,230.59","","","11.8%","57.7%","$137,608.00","$395,096.55","","$16,198.48","$79,429.06"
"Locos","27.39","12","32.66","6.72","6.77","+0.05","","+0.7%","+$1,287.03","","","49.1%","48.3%","$362,626.75","$845,822.78","$298,800.00","$177,921.32","$175,327.05"
"Ostion","4.3","","4","0.3","0.2","-0.2","","-48.6%","-$2,258.70","","","82.2%","42.3%","$5,650.58","$59,707.16","","$4,646.74","$2,388.05"
"Ostion sin concha","5.5","","3.9","1.6","1","-0.6","","-37.5%","-$8,935.03","","","36.2%","22.6%","$65,798.00","$58,810.30","","$23,835.03","$14,900.00"
"Ostras","3.6","","","3.6","1.4","-2.2","","-60.6%","-$18,589.85","","","428.5%","168.7%","$7,155.37","","","$30,660.00","$12,070.15"
"Ostras Japonesas","","100","70","30","30","","","","","","","187.5%","187.5%","$20,168.00","$88,235.00","$126,050.00","$37,815.00","$37,815.00"
"Pulpo","66.7","19.4","74.5","11.6","9.8","-1.8","","-15.4%","-$16,852.42","","","31.8%","26.9%","$342,684.04","$701,773.55","$184,300.00","$108,811.99","$92,308.83"
"Total Mariscos:","167.5","51.5","177.29","41.71","39.15","-2.55","0.24","-6.1%","+$8,935.69","0.6%","$1,663.50","33.0%","33.6%","$1,463,651.48","$2,391,521.07","$767,376.00","$482,343.78","$492,449.05"
"Jamon Serrano","6.6","3","6.7","2.9","3","+0.1","","+4.9%","+$2,744.96","","","24.9%","25.2%","$233,153.05","$132,036.43","$55,800.00","$58,166.34","$58,662.42"
"Pepperoni","2.5","6","6.7","1.9","2.5","+0.7","","+35.3%","+$6,547.28","","","12.8%","17.3%","$145,253.55","$66,457.86","$59,700.00","$18,531.88","$25,074.68"
"Total Embutidos:","9.14","9","13.42","4.72","5.52","+0.8","","+16.9%","+$9,292.24","","","20.3%","22.1%","$378,406.60","$198,494.30","$115,500.00","$76,698.22","$83,737.11"
"Burrata","109","32","118","23","23","","","","","","","40.8%","40.4%","$259,981.47","$538,653.97","$142,080.00","$106,061.05","$104,991.88"
"Mozzarella Fior Di Latte","48.6","20","37.7","30.9","30.9","","","+0.1%","+$413.95","","","18.8%","18.8%","$2,036,512.11","$467,457.87","$247,800.00","$382,743.95","$383,157.91"
"Parmesano","3.8","","2.3","1.5","3","+1.5","","+103.4%","+$20,043.57","","","6.8%","13.8%","$285,016.42","$30,253.71","","$19,381.08","$39,424.65"
"Provoleta","9.3","3.5","8.8","4","4.2","+0.2","","+4.7%","+$2,570.38","","","15.9%","16.6%","$342,437.01","$120,625.66","$47,915.00","$54,424.73","$56,995.10"
"Queso Azul","8.6","","7.5","1.1","1.1","","","-1.7%","-$265.81","","","21.3%","20.9%","$74,138.89","$105,036.92","","$15,794.71","$15,528.90"
"Queso Brie","1.9","1.5","3","0.3","0.4","+0.1","","+35.0%","+$2,953.38","","","50.0%","68.4%","$16,638.00","$82,369.44","$41,196.00","$8,314.89","$11,379.99"
"Queso Crema","10.9","4.1","12.8","2.3","2.9","+0.7","0.2","+28.9%","+$6,518.56","6.9%","$1,561.44","121.3%","156.3%","$18,597.50","$127,375.97","$40,759.20","$22,552.57","$29,071.10"
"Queso de Cabra","7.1","","6.1","1","1.1","+0.1","0.2","+11.1%","+$2,590.40","20.2%","$4,709.82","34.1%","37.9%","$68,299.83","$142,990.14","","$23,313.61","$25,904.01"
"Total Quesos:","103.83","33.08","92.99","43.92","46.54","+2.62","0.36","+6.0%","+$34,824.43","0.8%","$6,271.26","20.4%","21.5%","$3,101,621.24","$1,614,763.68","$519,750.20","$632,586.60","$666,453.53"
"Belcolade Bitter","11.7","","11.6","0.1","0.1","","","+1.3%","+$14.81","","","","","","$114,807.02","","$1,111.05","$1,125.86"
"Belcolade Blanco","7.8","","7.7","0.1","0.3","+0.1","","+96.0%","+$2,394.96","6.7%","$167.49","69.1%","135.5%","$3,609.91","$128,764.08","","$2,494.79","$4,889.75"
"Belcolade De Leche","5.2","","5","0.2","0.3","+0.1","","+52.0%","+$1,388.42","6.0%","$159.45","46.3%","70.4%","$5,769.80","$80,333.36","","$2,670.95","$4,059.37"
"Total Abarrotes:","24.78","","24.35","0.43","0.66","+0.23","0.02","+54.0%","+$3,798.19","4.7%","$326.95","66.9%","107.4%","$9,379.71","$323,904.46","","$6,276.79","$10,074.99"
"Aceite Vegetal 900ml","16.5","48","29.2","35.3","1.7","-33.7","","-95.3%","-$59,362.09","","","7.0%","0.3%","$887,179.00","$51,458.77","$84,672.00","$62,307.43","$2,945.33"
"Total Aceite:","16.5","48","29.2","35.3","1.7","-33.7","","-95.3%","-$59,362.09","","","7.0%","0.3%","$887,179.00","$51,458.77","$84,672.00","$62,307.43","$2,945.33"
"Champiñon Engiri","","9","7.72","1.28","1.51","+0.23","","+18.2%","+$4,222.40","","","25.0%","29.5%","$93,151.50","$140,540.41","$163,800.00","$23,259.59","$27,482.00"
"Champiñon Ostra","3","8","6.5","4.5","2.3","-2.2","","-48.6%","-$39,678.65","","","31.0%","16.0%","$262,998.53","$118,142.27","$145,600.00","$81,629.65","$41,951.00"
"Champiñon Portobello","1.9","","0.3","1.6","0.8","-0.8","","-49.4%","-$10,466.90","","","14.2%","7.2%","$148,982.08","$4,112.33","","$21,191.90","$10,725.00"
"Champiñon Shitake","0.49","","0.32","0.18","","-0.18","","-100.0%","-$2,837.33","","","","","","$5,061.33","","$2,837.33",""
"Total Champiñon:","5.42","17","14.85","7.57","4.64","-2.93","","-38.7%","-$48,760.48","","","25.5%","15.9%","$505,132.10","$267,856.35","$309,400.00","$128,918.47","$80,158.00"
"Palta Hass","9.2","2","4.2","6.9","10.1","+3.2","","+46.0%","+$13,748.79","","","9.5%","14.9%","$292,582.93","$18,330.13","$9,362.00","$27,687.52","$43,654.76"
"Total Palta:","9.16","2","4.24","6.92","10.1","+3.18","","+46.0%","+$13,748.79","","","9.5%","14.9%","$292,582.93","$18,330.13","$9,362.00","$27,687.52","$43,654.76"
"Cheesecake clasico","46","32","52","26","33","+7","2","+26.9%","+$8,442.00","7.7%","$2,412.00","133.5%","169.4%","$23,488.89","$62,712.00","$38,592.00","$31,356.00","$39,798.00"
"Galleta new york","56","","51","5","6","+1","1","+20.0%","+$1,057.00","20.0%","$1,057.00","38.3%","46.0%","$13,782.00","$53,907.00","","$5,285.00","$6,342.00"
"Gateau Chocolatoso","56","","49","7","9","+2","","+28.6%","+$3,092.00","","","54.7%","70.4%","$19,776.73","$75,754.00","","$10,822.00","$13,914.00"
"Mini Brownie","48","144","173","19","20","+1","","+5.3%","+$240.00","","","","","","$41,520.00","$34,560.00","$4,560.00","$4,800.00"
"Mini Cheesecake","189","58","226","21","20","-1","","-4.8%","-$333.00","","","","","","$75,258.00","$19,314.00","$6,993.00","$6,660.00"
"Mini Galleta New York","14","58","72","","","","","","","","","","","","$25,024.00","$18,444.00","",""
"Pastel de la Pasion","27","","27","","3","+3","","","+$3,420.00","","","","76.4%","$4,473.55","$30,780.00","","","$3,420.00"
"Pavlova","12","12","17","7","6","-1","2","-14.3%","-$272.00","28.6%","$544.00","12.2%","10.4%","$15,647.00","$4,624.00","$3,264.00","$1,904.00","$1,632.00"
"Total Tortas:","448","304","667","85","97","+12","5","+14.1%","+$15,646.00","5.9%","$4,013.00","78.9%","99.2%","$77,168.18","$369,579.00","$114,174.00","$60,920.00","$76,566.00"
"Carne Molida Colación","8.4","4.6","8.8","4.2","","-4.2","","-100.0%","-$20,042.18","","","","","","$42,586.62","$23,203.50","$19,221.60",""
"Pulpa de Cerdo Colación","","20","10.4","9.6","","-9.6","","-100.0%","-$33,678.50","","","","","","$36,121.50","$69,800.00","$33,678.50",""
"Total Colación:","8.36","24.65","19.2","13.82","","-13.82","","-100.0%","-$53,720.68","","","","","","$78,708.12","$93,003.50","$52,900.10",""